INSERT INTO webapp.users(id) VALUES
('test-b1w'),
('test-b1s'),
('test-b2w'),
('test-b2s'),
('test-b3w'),
('test-b3s'),
('test-m1w'),
('test-m1s'),
('test-m2w'),
('test-m2s');

INSERT INTO webapp.studies(user_id, degree_plan_code, start_year) VALUES
('test-b1w', 'NIPVS19B', 2020),
('test-b1s', 'NIPVS19B', 2020),
('test-b2w', 'NIPVS19B', 2020),
('test-b2s', 'NIPVS19B', 2020),
('test-b3w', 'NIPVS19B', 2020),
('test-b3s', 'NIPVS19B', 2020),
('test-m1w', 'NISD23N', 2023),
('test-m1s', 'NISD23N', 2023),
('test-m2w', 'NISD23N', 2023),
('test-m2s', 'NISD23N', 2023);

INSERT INTO webapp.blueprint_years(user_id, academic_year) VALUES
('test-b1w', 0),
('test-b1s', 0),
('test-b1s', 1),
('test-b2w', 0),
('test-b2w', 1),
('test-b2w', 2),
('test-b2s', 0),
('test-b2s', 1),
('test-b2s', 2),
('test-b3w', 0),
('test-b3w', 1),
('test-b3w', 2),
('test-b3w', 3),
('test-b3s', 0),
('test-b3s', 1),
('test-b3s', 2),
('test-b3s', 3),
('test-m1w', 0),
('test-m1s', 0),
('test-m1s', 1),
('test-m2w', 0),
('test-m2w', 1),
('test-m2w', 2),
('test-m2s', 0),
('test-m2s', 1),
('test-m2s', 2);

INSERT INTO webapp.blueprint_semesters(blueprint_year_id, semester) VALUES
-- b1w
((SELECT id FROM webapp.blueprint_years WHERE user_id='test-b1w' AND academic_year=0), 0),
-- b1s
((SELECT id FROM webapp.blueprint_years WHERE user_id='test-b1s' AND academic_year=0), 0),
((SELECT id FROM webapp.blueprint_years WHERE user_id='test-b1s' AND academic_year=1), 1),
((SELECT id FROM webapp.blueprint_years WHERE user_id='test-b1s' AND academic_year=1), 2),
-- b2w
((SELECT id FROM webapp.blueprint_years WHERE user_id='test-b2w' AND academic_year=0), 0),
((SELECT id FROM webapp.blueprint_years WHERE user_id='test-b2w' AND academic_year=1), 1),
((SELECT id FROM webapp.blueprint_years WHERE user_id='test-b2w' AND academic_year=1), 2),
((SELECT id FROM webapp.blueprint_years WHERE user_id='test-b2w' AND academic_year=2), 1),
((SELECT id FROM webapp.blueprint_years WHERE user_id='test-b2w' AND academic_year=2), 2),
-- b2s
((SELECT id FROM webapp.blueprint_years WHERE user_id='test-b2s' AND academic_year=0), 0),
((SELECT id FROM webapp.blueprint_years WHERE user_id='test-b2s' AND academic_year=1), 1),
((SELECT id FROM webapp.blueprint_years WHERE user_id='test-b2s' AND academic_year=1), 2),
((SELECT id FROM webapp.blueprint_years WHERE user_id='test-b2s' AND academic_year=2), 1),
((SELECT id FROM webapp.blueprint_years WHERE user_id='test-b2s' AND academic_year=2), 2),
-- b3w
((SELECT id FROM webapp.blueprint_years WHERE user_id='test-b3w' AND academic_year=0), 0),
((SELECT id FROM webapp.blueprint_years WHERE user_id='test-b3w' AND academic_year=1), 1),
((SELECT id FROM webapp.blueprint_years WHERE user_id='test-b3w' AND academic_year=1), 2),
((SELECT id FROM webapp.blueprint_years WHERE user_id='test-b3w' AND academic_year=2), 1),
((SELECT id FROM webapp.blueprint_years WHERE user_id='test-b3w' AND academic_year=2), 2),
((SELECT id FROM webapp.blueprint_years WHERE user_id='test-b3w' AND academic_year=3), 1),
((SELECT id FROM webapp.blueprint_years WHERE user_id='test-b3w' AND academic_year=3), 2),
-- b3s
((SELECT id FROM webapp.blueprint_years WHERE user_id='test-b3s' AND academic_year=0), 0),
((SELECT id FROM webapp.blueprint_years WHERE user_id='test-b3s' AND academic_year=1), 1),
((SELECT id FROM webapp.blueprint_years WHERE user_id='test-b3s' AND academic_year=1), 2),
((SELECT id FROM webapp.blueprint_years WHERE user_id='test-b3s' AND academic_year=2), 1),
((SELECT id FROM webapp.blueprint_years WHERE user_id='test-b3s' AND academic_year=2), 2),
((SELECT id FROM webapp.blueprint_years WHERE user_id='test-b3s' AND academic_year=3), 1),
((SELECT id FROM webapp.blueprint_years WHERE user_id='test-b3s' AND academic_year=3), 2),
-- m1w
((SELECT id FROM webapp.blueprint_years WHERE user_id='test-m1w' AND academic_year=0), 0),
-- m1s
((SELECT id FROM webapp.blueprint_years WHERE user_id='test-m1s' AND academic_year=0), 0),
((SELECT id FROM webapp.blueprint_years WHERE user_id='test-m1s' AND academic_year=1), 1),
((SELECT id FROM webapp.blueprint_years WHERE user_id='test-m1s' AND academic_year=1), 2),
-- m2w
((SELECT id FROM webapp.blueprint_years WHERE user_id='test-m2w' AND academic_year=0), 0),
((SELECT id FROM webapp.blueprint_years WHERE user_id='test-m2w' AND academic_year=1), 1),
((SELECT id FROM webapp.blueprint_years WHERE user_id='test-m2w' AND academic_year=1), 2),
((SELECT id FROM webapp.blueprint_years WHERE user_id='test-m2w' AND academic_year=2), 1),
((SELECT id FROM webapp.blueprint_years WHERE user_id='test-m2w' AND academic_year=2), 2),
-- m2s
((SELECT id FROM webapp.blueprint_years WHERE user_id='test-m2s' AND academic_year=0), 0),
((SELECT id FROM webapp.blueprint_years WHERE user_id='test-m2s' AND academic_year=1), 1),
((SELECT id FROM webapp.blueprint_years WHERE user_id='test-m2s' AND academic_year=1), 2),
((SELECT id FROM webapp.blueprint_years WHERE user_id='test-m2s' AND academic_year=2), 1),
((SELECT id FROM webapp.blueprint_years WHERE user_id='test-m2s' AND academic_year=2), 2);

INSERT INTO webapp.blueprint_courses(blueprint_semester_id, course_code, course_valid_from, position) VALUES
-- b1w N/A
-- b1s 1st year winter semester
((SELECT bs.id FROM webapp.blueprint_years b LEFT JOIN webapp.blueprint_semesters bs ON b.id = bs.blueprint_year_id WHERE b.user_id='test-b1s' AND b.academic_year=1 AND bs.semester=1), 'NPRG062', 2022, 1),
((SELECT bs.id FROM webapp.blueprint_years b LEFT JOIN webapp.blueprint_semesters bs ON b.id = bs.blueprint_year_id WHERE b.user_id='test-b1s' AND b.academic_year=1 AND bs.semester=1), 'NPRG030', 2022, 2),
((SELECT bs.id FROM webapp.blueprint_years b LEFT JOIN webapp.blueprint_semesters bs ON b.id = bs.blueprint_year_id WHERE b.user_id='test-b1s' AND b.academic_year=1 AND bs.semester=1), 'NSWI120', 2019, 3),
((SELECT bs.id FROM webapp.blueprint_years b LEFT JOIN webapp.blueprint_semesters bs ON b.id = bs.blueprint_year_id WHERE b.user_id='test-b1s' AND b.academic_year=1 AND bs.semester=1), 'NSWI141', 2025, 4),
((SELECT bs.id FROM webapp.blueprint_years b LEFT JOIN webapp.blueprint_semesters bs ON b.id = bs.blueprint_year_id WHERE b.user_id='test-b1s' AND b.academic_year=1 AND bs.semester=1), 'NDMI002', 2022, 5),
((SELECT bs.id FROM webapp.blueprint_years b LEFT JOIN webapp.blueprint_semesters bs ON b.id = bs.blueprint_year_id WHERE b.user_id='test-b1s' AND b.academic_year=1 AND bs.semester=1), 'NMAI057', 2025, 6),
((SELECT bs.id FROM webapp.blueprint_years b LEFT JOIN webapp.blueprint_semesters bs ON b.id = bs.blueprint_year_id WHERE b.user_id='test-b1s' AND b.academic_year=1 AND bs.semester=1), 'NTVY014', 2022, 7),
((SELECT bs.id FROM webapp.blueprint_years b LEFT JOIN webapp.blueprint_semesters bs ON b.id = bs.blueprint_year_id WHERE b.user_id='test-b1s' AND b.academic_year=1 AND bs.semester=1), 'NJAZ070', 2024, 8),
((SELECT bs.id FROM webapp.blueprint_years b LEFT JOIN webapp.blueprint_semesters bs ON b.id = bs.blueprint_year_id WHERE b.user_id='test-b1s' AND b.academic_year=1 AND bs.semester=1), 'NDMI050', 2020, 9),
((SELECT bs.id FROM webapp.blueprint_years b LEFT JOIN webapp.blueprint_semesters bs ON b.id = bs.blueprint_year_id WHERE b.user_id='test-b1s' AND b.academic_year=1 AND bs.semester=1), 'NMAI069', 2020, 10),
-- b2w 1st year winter semester
((SELECT bs.id FROM webapp.blueprint_years b LEFT JOIN webapp.blueprint_semesters bs ON b.id = bs.blueprint_year_id WHERE b.user_id='test-b2w' AND b.academic_year=1 AND bs.semester=1), 'NPRG062', 2022, 1),
((SELECT bs.id FROM webapp.blueprint_years b LEFT JOIN webapp.blueprint_semesters bs ON b.id = bs.blueprint_year_id WHERE b.user_id='test-b2w' AND b.academic_year=1 AND bs.semester=1), 'NPRG030', 2022, 2),
((SELECT bs.id FROM webapp.blueprint_years b LEFT JOIN webapp.blueprint_semesters bs ON b.id = bs.blueprint_year_id WHERE b.user_id='test-b2w' AND b.academic_year=1 AND bs.semester=1), 'NSWI120', 2019, 3),
((SELECT bs.id FROM webapp.blueprint_years b LEFT JOIN webapp.blueprint_semesters bs ON b.id = bs.blueprint_year_id WHERE b.user_id='test-b2w' AND b.academic_year=1 AND bs.semester=1), 'NSWI141', 2025, 4),
((SELECT bs.id FROM webapp.blueprint_years b LEFT JOIN webapp.blueprint_semesters bs ON b.id = bs.blueprint_year_id WHERE b.user_id='test-b2w' AND b.academic_year=1 AND bs.semester=1), 'NDMI002', 2022, 5),
((SELECT bs.id FROM webapp.blueprint_years b LEFT JOIN webapp.blueprint_semesters bs ON b.id = bs.blueprint_year_id WHERE b.user_id='test-b2w' AND b.academic_year=1 AND bs.semester=1), 'NMAI057', 2025, 6),
((SELECT bs.id FROM webapp.blueprint_years b LEFT JOIN webapp.blueprint_semesters bs ON b.id = bs.blueprint_year_id WHERE b.user_id='test-b2w' AND b.academic_year=1 AND bs.semester=1), 'NTVY014', 2022, 7),
((SELECT bs.id FROM webapp.blueprint_years b LEFT JOIN webapp.blueprint_semesters bs ON b.id = bs.blueprint_year_id WHERE b.user_id='test-b2w' AND b.academic_year=1 AND bs.semester=1), 'NJAZ070', 2024, 8),
((SELECT bs.id FROM webapp.blueprint_years b LEFT JOIN webapp.blueprint_semesters bs ON b.id = bs.blueprint_year_id WHERE b.user_id='test-b2w' AND b.academic_year=1 AND bs.semester=1), 'NDMI050', 2020, 9),
((SELECT bs.id FROM webapp.blueprint_years b LEFT JOIN webapp.blueprint_semesters bs ON b.id = bs.blueprint_year_id WHERE b.user_id='test-b2w' AND b.academic_year=1 AND bs.semester=1), 'NMAI069', 2020, 10),
-- b2w 1st year summer semester
((SELECT bs.id FROM webapp.blueprint_years b LEFT JOIN webapp.blueprint_semesters bs ON b.id = bs.blueprint_year_id WHERE b.user_id='test-b2w' AND b.academic_year=1 AND bs.semester=2), 'NMAI054', 2020, 1),
((SELECT bs.id FROM webapp.blueprint_years b LEFT JOIN webapp.blueprint_semesters bs ON b.id = bs.blueprint_year_id WHERE b.user_id='test-b2w' AND b.academic_year=1 AND bs.semester=2), 'NMAI058', 2019, 2),
((SELECT bs.id FROM webapp.blueprint_years b LEFT JOIN webapp.blueprint_semesters bs ON b.id = bs.blueprint_year_id WHERE b.user_id='test-b2w' AND b.academic_year=1 AND bs.semester=2), 'NPRG031', 2022, 3),
((SELECT bs.id FROM webapp.blueprint_years b LEFT JOIN webapp.blueprint_semesters bs ON b.id = bs.blueprint_year_id WHERE b.user_id='test-b2w' AND b.academic_year=1 AND bs.semester=2), 'NSWI170', 2025, 4),
((SELECT bs.id FROM webapp.blueprint_years b LEFT JOIN webapp.blueprint_semesters bs ON b.id = bs.blueprint_year_id WHERE b.user_id='test-b2w' AND b.academic_year=1 AND bs.semester=2), 'NSWI177', 2025, 5),
((SELECT bs.id FROM webapp.blueprint_years b LEFT JOIN webapp.blueprint_semesters bs ON b.id = bs.blueprint_year_id WHERE b.user_id='test-b2w' AND b.academic_year=1 AND bs.semester=2), 'NTIN060', 2021, 6),
((SELECT bs.id FROM webapp.blueprint_years b LEFT JOIN webapp.blueprint_semesters bs ON b.id = bs.blueprint_year_id WHERE b.user_id='test-b2w' AND b.academic_year=1 AND bs.semester=2), 'NTVY015', 2022, 7),
-- b2s 1st year winter semester
((SELECT bs.id FROM webapp.blueprint_years b LEFT JOIN webapp.blueprint_semesters bs ON b.id = bs.blueprint_year_id WHERE b.user_id='test-b2s' AND b.academic_year=1 AND bs.semester=1), 'NPRG062', 2022, 1),
((SELECT bs.id FROM webapp.blueprint_years b LEFT JOIN webapp.blueprint_semesters bs ON b.id = bs.blueprint_year_id WHERE b.user_id='test-b2s' AND b.academic_year=1 AND bs.semester=1), 'NPRG030', 2022, 2),
((SELECT bs.id FROM webapp.blueprint_years b LEFT JOIN webapp.blueprint_semesters bs ON b.id = bs.blueprint_year_id WHERE b.user_id='test-b2s' AND b.academic_year=1 AND bs.semester=1), 'NSWI120', 2019, 3),
((SELECT bs.id FROM webapp.blueprint_years b LEFT JOIN webapp.blueprint_semesters bs ON b.id = bs.blueprint_year_id WHERE b.user_id='test-b2s' AND b.academic_year=1 AND bs.semester=1), 'NSWI141', 2025, 4),
((SELECT bs.id FROM webapp.blueprint_years b LEFT JOIN webapp.blueprint_semesters bs ON b.id = bs.blueprint_year_id WHERE b.user_id='test-b2s' AND b.academic_year=1 AND bs.semester=1), 'NDMI002', 2022, 5),
((SELECT bs.id FROM webapp.blueprint_years b LEFT JOIN webapp.blueprint_semesters bs ON b.id = bs.blueprint_year_id WHERE b.user_id='test-b2s' AND b.academic_year=1 AND bs.semester=1), 'NMAI057', 2025, 6),
((SELECT bs.id FROM webapp.blueprint_years b LEFT JOIN webapp.blueprint_semesters bs ON b.id = bs.blueprint_year_id WHERE b.user_id='test-b2s' AND b.academic_year=1 AND bs.semester=1), 'NTVY014', 2022, 7),
((SELECT bs.id FROM webapp.blueprint_years b LEFT JOIN webapp.blueprint_semesters bs ON b.id = bs.blueprint_year_id WHERE b.user_id='test-b2s' AND b.academic_year=1 AND bs.semester=1), 'NJAZ070', 2024, 8),
((SELECT bs.id FROM webapp.blueprint_years b LEFT JOIN webapp.blueprint_semesters bs ON b.id = bs.blueprint_year_id WHERE b.user_id='test-b2s' AND b.academic_year=1 AND bs.semester=1), 'NDMI050', 2020, 9),
((SELECT bs.id FROM webapp.blueprint_years b LEFT JOIN webapp.blueprint_semesters bs ON b.id = bs.blueprint_year_id WHERE b.user_id='test-b2s' AND b.academic_year=1 AND bs.semester=1), 'NMAI069', 2020, 10),
-- b2s 1st year summer semester
((SELECT bs.id FROM webapp.blueprint_years b LEFT JOIN webapp.blueprint_semesters bs ON b.id = bs.blueprint_year_id WHERE b.user_id='test-b2s' AND b.academic_year=1 AND bs.semester=2), 'NMAI054', 2020, 1),
((SELECT bs.id FROM webapp.blueprint_years b LEFT JOIN webapp.blueprint_semesters bs ON b.id = bs.blueprint_year_id WHERE b.user_id='test-b2s' AND b.academic_year=1 AND bs.semester=2), 'NMAI058', 2019, 2),
((SELECT bs.id FROM webapp.blueprint_years b LEFT JOIN webapp.blueprint_semesters bs ON b.id = bs.blueprint_year_id WHERE b.user_id='test-b2s' AND b.academic_year=1 AND bs.semester=2), 'NPRG031', 2022, 3),
((SELECT bs.id FROM webapp.blueprint_years b LEFT JOIN webapp.blueprint_semesters bs ON b.id = bs.blueprint_year_id WHERE b.user_id='test-b2s' AND b.academic_year=1 AND bs.semester=2), 'NSWI170', 2025, 4),
((SELECT bs.id FROM webapp.blueprint_years b LEFT JOIN webapp.blueprint_semesters bs ON b.id = bs.blueprint_year_id WHERE b.user_id='test-b2s' AND b.academic_year=1 AND bs.semester=2), 'NSWI177', 2025, 5),
((SELECT bs.id FROM webapp.blueprint_years b LEFT JOIN webapp.blueprint_semesters bs ON b.id = bs.blueprint_year_id WHERE b.user_id='test-b2s' AND b.academic_year=1 AND bs.semester=2), 'NTIN060', 2021, 6),
((SELECT bs.id FROM webapp.blueprint_years b LEFT JOIN webapp.blueprint_semesters bs ON b.id = bs.blueprint_year_id WHERE b.user_id='test-b2s' AND b.academic_year=1 AND bs.semester=2), 'NTVY015', 2022, 7),
-- b2s 2nd year winter semester
((SELECT bs.id FROM webapp.blueprint_years b LEFT JOIN webapp.blueprint_semesters bs ON b.id = bs.blueprint_year_id WHERE b.user_id='test-b2s' AND b.academic_year=2 AND bs.semester=1), 'NAIL062', 2023, 1),
((SELECT bs.id FROM webapp.blueprint_years b LEFT JOIN webapp.blueprint_semesters bs ON b.id = bs.blueprint_year_id WHERE b.user_id='test-b2s' AND b.academic_year=2 AND bs.semester=1), 'NDBI025', 2022, 2),
((SELECT bs.id FROM webapp.blueprint_years b LEFT JOIN webapp.blueprint_semesters bs ON b.id = bs.blueprint_year_id WHERE b.user_id='test-b2s' AND b.academic_year=2 AND bs.semester=1), 'NDMI011', 2023, 3),
((SELECT bs.id FROM webapp.blueprint_years b LEFT JOIN webapp.blueprint_semesters bs ON b.id = bs.blueprint_year_id WHERE b.user_id='test-b2s' AND b.academic_year=2 AND bs.semester=1), 'NJAZ074', 2024, 4),
((SELECT bs.id FROM webapp.blueprint_years b LEFT JOIN webapp.blueprint_semesters bs ON b.id = bs.blueprint_year_id WHERE b.user_id='test-b2s' AND b.academic_year=2 AND bs.semester=1), 'NPRG041', 2025, 5),
((SELECT bs.id FROM webapp.blueprint_years b LEFT JOIN webapp.blueprint_semesters bs ON b.id = bs.blueprint_year_id WHERE b.user_id='test-b2s' AND b.academic_year=2 AND bs.semester=1), 'NSWI142', 2025, 6),
((SELECT bs.id FROM webapp.blueprint_years b LEFT JOIN webapp.blueprint_semesters bs ON b.id = bs.blueprint_year_id WHERE b.user_id='test-b2s' AND b.academic_year=2 AND bs.semester=1), 'NTIN061', 2025, 7),
((SELECT bs.id FROM webapp.blueprint_years b LEFT JOIN webapp.blueprint_semesters bs ON b.id = bs.blueprint_year_id WHERE b.user_id='test-b2s' AND b.academic_year=2 AND bs.semester=1), 'NTVY016', 2022, 8),
-- b3w 1st year winter semester
((SELECT bs.id FROM webapp.blueprint_years b LEFT JOIN webapp.blueprint_semesters bs ON b.id = bs.blueprint_year_id WHERE b.user_id='test-b3w' AND b.academic_year=1 AND bs.semester=1), 'NPRG062', 2022, 1),
((SELECT bs.id FROM webapp.blueprint_years b LEFT JOIN webapp.blueprint_semesters bs ON b.id = bs.blueprint_year_id WHERE b.user_id='test-b3w' AND b.academic_year=1 AND bs.semester=1), 'NPRG030', 2022, 2),
((SELECT bs.id FROM webapp.blueprint_years b LEFT JOIN webapp.blueprint_semesters bs ON b.id = bs.blueprint_year_id WHERE b.user_id='test-b3w' AND b.academic_year=1 AND bs.semester=1), 'NSWI120', 2019, 3),
((SELECT bs.id FROM webapp.blueprint_years b LEFT JOIN webapp.blueprint_semesters bs ON b.id = bs.blueprint_year_id WHERE b.user_id='test-b3w' AND b.academic_year=1 AND bs.semester=1), 'NSWI141', 2025, 4),
((SELECT bs.id FROM webapp.blueprint_years b LEFT JOIN webapp.blueprint_semesters bs ON b.id = bs.blueprint_year_id WHERE b.user_id='test-b3w' AND b.academic_year=1 AND bs.semester=1), 'NDMI002', 2022, 5),
((SELECT bs.id FROM webapp.blueprint_years b LEFT JOIN webapp.blueprint_semesters bs ON b.id = bs.blueprint_year_id WHERE b.user_id='test-b3w' AND b.academic_year=1 AND bs.semester=1), 'NMAI057', 2025, 6),
((SELECT bs.id FROM webapp.blueprint_years b LEFT JOIN webapp.blueprint_semesters bs ON b.id = bs.blueprint_year_id WHERE b.user_id='test-b3w' AND b.academic_year=1 AND bs.semester=1), 'NTVY014', 2022, 7),
((SELECT bs.id FROM webapp.blueprint_years b LEFT JOIN webapp.blueprint_semesters bs ON b.id = bs.blueprint_year_id WHERE b.user_id='test-b3w' AND b.academic_year=1 AND bs.semester=1), 'NJAZ070', 2024, 8),
((SELECT bs.id FROM webapp.blueprint_years b LEFT JOIN webapp.blueprint_semesters bs ON b.id = bs.blueprint_year_id WHERE b.user_id='test-b3w' AND b.academic_year=1 AND bs.semester=1), 'NDMI050', 2020, 9),
((SELECT bs.id FROM webapp.blueprint_years b LEFT JOIN webapp.blueprint_semesters bs ON b.id = bs.blueprint_year_id WHERE b.user_id='test-b3w' AND b.academic_year=1 AND bs.semester=1), 'NMAI069', 2020, 10),
-- b3w 1st year summer semester
((SELECT bs.id FROM webapp.blueprint_years b LEFT JOIN webapp.blueprint_semesters bs ON b.id = bs.blueprint_year_id WHERE b.user_id='test-b3w' AND b.academic_year=1 AND bs.semester=2), 'NMAI054', 2020, 1),
((SELECT bs.id FROM webapp.blueprint_years b LEFT JOIN webapp.blueprint_semesters bs ON b.id = bs.blueprint_year_id WHERE b.user_id='test-b3w' AND b.academic_year=1 AND bs.semester=2), 'NMAI058', 2019, 2),
((SELECT bs.id FROM webapp.blueprint_years b LEFT JOIN webapp.blueprint_semesters bs ON b.id = bs.blueprint_year_id WHERE b.user_id='test-b3w' AND b.academic_year=1 AND bs.semester=2), 'NPRG031', 2022, 3),
((SELECT bs.id FROM webapp.blueprint_years b LEFT JOIN webapp.blueprint_semesters bs ON b.id = bs.blueprint_year_id WHERE b.user_id='test-b3w' AND b.academic_year=1 AND bs.semester=2), 'NSWI170', 2025, 4),
((SELECT bs.id FROM webapp.blueprint_years b LEFT JOIN webapp.blueprint_semesters bs ON b.id = bs.blueprint_year_id WHERE b.user_id='test-b3w' AND b.academic_year=1 AND bs.semester=2), 'NSWI177', 2025, 5),
((SELECT bs.id FROM webapp.blueprint_years b LEFT JOIN webapp.blueprint_semesters bs ON b.id = bs.blueprint_year_id WHERE b.user_id='test-b3w' AND b.academic_year=1 AND bs.semester=2), 'NTIN060', 2021, 6),
((SELECT bs.id FROM webapp.blueprint_years b LEFT JOIN webapp.blueprint_semesters bs ON b.id = bs.blueprint_year_id WHERE b.user_id='test-b3w' AND b.academic_year=1 AND bs.semester=2), 'NTVY015', 2022, 7),
-- b3w 2nd year winter semester
((SELECT bs.id FROM webapp.blueprint_years b LEFT JOIN webapp.blueprint_semesters bs ON b.id = bs.blueprint_year_id WHERE b.user_id='test-b3w' AND b.academic_year=2 AND bs.semester=1), 'NAIL062', 2023, 1),
((SELECT bs.id FROM webapp.blueprint_years b LEFT JOIN webapp.blueprint_semesters bs ON b.id = bs.blueprint_year_id WHERE b.user_id='test-b3w' AND b.academic_year=2 AND bs.semester=1), 'NDBI025', 2022, 2),
((SELECT bs.id FROM webapp.blueprint_years b LEFT JOIN webapp.blueprint_semesters bs ON b.id = bs.blueprint_year_id WHERE b.user_id='test-b3w' AND b.academic_year=2 AND bs.semester=1), 'NDMI011', 2023, 3),
((SELECT bs.id FROM webapp.blueprint_years b LEFT JOIN webapp.blueprint_semesters bs ON b.id = bs.blueprint_year_id WHERE b.user_id='test-b3w' AND b.academic_year=2 AND bs.semester=1), 'NJAZ074', 2024, 4),
((SELECT bs.id FROM webapp.blueprint_years b LEFT JOIN webapp.blueprint_semesters bs ON b.id = bs.blueprint_year_id WHERE b.user_id='test-b3w' AND b.academic_year=2 AND bs.semester=1), 'NPRG041', 2025, 5),
((SELECT bs.id FROM webapp.blueprint_years b LEFT JOIN webapp.blueprint_semesters bs ON b.id = bs.blueprint_year_id WHERE b.user_id='test-b3w' AND b.academic_year=2 AND bs.semester=1), 'NSWI142', 2025, 6),
((SELECT bs.id FROM webapp.blueprint_years b LEFT JOIN webapp.blueprint_semesters bs ON b.id = bs.blueprint_year_id WHERE b.user_id='test-b3w' AND b.academic_year=2 AND bs.semester=1), 'NTIN061', 2025, 7),
((SELECT bs.id FROM webapp.blueprint_years b LEFT JOIN webapp.blueprint_semesters bs ON b.id = bs.blueprint_year_id WHERE b.user_id='test-b3w' AND b.academic_year=2 AND bs.semester=1), 'NTVY016', 2022, 8),
-- b3w 2nd year summer semester
((SELECT bs.id FROM webapp.blueprint_years b LEFT JOIN webapp.blueprint_semesters bs ON b.id = bs.blueprint_year_id WHERE b.user_id='test-b3w' AND b.academic_year=2 AND bs.semester=2), 'NJAZ091', 2024, 1),
((SELECT bs.id FROM webapp.blueprint_years b LEFT JOIN webapp.blueprint_semesters bs ON b.id = bs.blueprint_year_id WHERE b.user_id='test-b3w' AND b.academic_year=2 AND bs.semester=2), 'NJAZ176', 2024, 2),
((SELECT bs.id FROM webapp.blueprint_years b LEFT JOIN webapp.blueprint_semesters bs ON b.id = bs.blueprint_year_id WHERE b.user_id='test-b3w' AND b.academic_year=2 AND bs.semester=2), 'NMAI059', 2023, 3),
((SELECT bs.id FROM webapp.blueprint_years b LEFT JOIN webapp.blueprint_semesters bs ON b.id = bs.blueprint_year_id WHERE b.user_id='test-b3w' AND b.academic_year=2 AND bs.semester=2), 'NPRG024', 2025, 4),
((SELECT bs.id FROM webapp.blueprint_years b LEFT JOIN webapp.blueprint_semesters bs ON b.id = bs.blueprint_year_id WHERE b.user_id='test-b3w' AND b.academic_year=2 AND bs.semester=2), 'NPRG036', 2022, 5),
((SELECT bs.id FROM webapp.blueprint_years b LEFT JOIN webapp.blueprint_semesters bs ON b.id = bs.blueprint_year_id WHERE b.user_id='test-b3w' AND b.academic_year=2 AND bs.semester=2), 'NPRG045', 2025, 6),
((SELECT bs.id FROM webapp.blueprint_years b LEFT JOIN webapp.blueprint_semesters bs ON b.id = bs.blueprint_year_id WHERE b.user_id='test-b3w' AND b.academic_year=2 AND bs.semester=2), 'NSWI153', 2022, 7),
((SELECT bs.id FROM webapp.blueprint_years b LEFT JOIN webapp.blueprint_semesters bs ON b.id = bs.blueprint_year_id WHERE b.user_id='test-b3w' AND b.academic_year=2 AND bs.semester=2), 'NTIN071', 2020, 8),
((SELECT bs.id FROM webapp.blueprint_years b LEFT JOIN webapp.blueprint_semesters bs ON b.id = bs.blueprint_year_id WHERE b.user_id='test-b3w' AND b.academic_year=2 AND bs.semester=2), 'NTVY017', 2024, 9),
-- b3s 1st year winter semester
((SELECT bs.id FROM webapp.blueprint_years b LEFT JOIN webapp.blueprint_semesters bs ON b.id = bs.blueprint_year_id WHERE b.user_id='test-b3s' AND b.academic_year=1 AND bs.semester=1), 'NPRG062', 2022, 1),
((SELECT bs.id FROM webapp.blueprint_years b LEFT JOIN webapp.blueprint_semesters bs ON b.id = bs.blueprint_year_id WHERE b.user_id='test-b3s' AND b.academic_year=1 AND bs.semester=1), 'NPRG030', 2022, 2),
((SELECT bs.id FROM webapp.blueprint_years b LEFT JOIN webapp.blueprint_semesters bs ON b.id = bs.blueprint_year_id WHERE b.user_id='test-b3s' AND b.academic_year=1 AND bs.semester=1), 'NSWI120', 2019, 3),
((SELECT bs.id FROM webapp.blueprint_years b LEFT JOIN webapp.blueprint_semesters bs ON b.id = bs.blueprint_year_id WHERE b.user_id='test-b3s' AND b.academic_year=1 AND bs.semester=1), 'NSWI141', 2025, 4),
((SELECT bs.id FROM webapp.blueprint_years b LEFT JOIN webapp.blueprint_semesters bs ON b.id = bs.blueprint_year_id WHERE b.user_id='test-b3s' AND b.academic_year=1 AND bs.semester=1), 'NDMI002', 2022, 5),
((SELECT bs.id FROM webapp.blueprint_years b LEFT JOIN webapp.blueprint_semesters bs ON b.id = bs.blueprint_year_id WHERE b.user_id='test-b3s' AND b.academic_year=1 AND bs.semester=1), 'NMAI057', 2025, 6),
((SELECT bs.id FROM webapp.blueprint_years b LEFT JOIN webapp.blueprint_semesters bs ON b.id = bs.blueprint_year_id WHERE b.user_id='test-b3s' AND b.academic_year=1 AND bs.semester=1), 'NTVY014', 2022, 7),
((SELECT bs.id FROM webapp.blueprint_years b LEFT JOIN webapp.blueprint_semesters bs ON b.id = bs.blueprint_year_id WHERE b.user_id='test-b3s' AND b.academic_year=1 AND bs.semester=1), 'NJAZ070', 2024, 8),
((SELECT bs.id FROM webapp.blueprint_years b LEFT JOIN webapp.blueprint_semesters bs ON b.id = bs.blueprint_year_id WHERE b.user_id='test-b3s' AND b.academic_year=1 AND bs.semester=1), 'NDMI050', 2020, 9),
((SELECT bs.id FROM webapp.blueprint_years b LEFT JOIN webapp.blueprint_semesters bs ON b.id = bs.blueprint_year_id WHERE b.user_id='test-b3s' AND b.academic_year=1 AND bs.semester=1), 'NMAI069', 2020, 10),
-- b3s 1st year summer semester
((SELECT bs.id FROM webapp.blueprint_years b LEFT JOIN webapp.blueprint_semesters bs ON b.id = bs.blueprint_year_id WHERE b.user_id='test-b3s' AND b.academic_year=1 AND bs.semester=2), 'NMAI054', 2020, 1),
((SELECT bs.id FROM webapp.blueprint_years b LEFT JOIN webapp.blueprint_semesters bs ON b.id = bs.blueprint_year_id WHERE b.user_id='test-b3s' AND b.academic_year=1 AND bs.semester=2), 'NMAI058', 2019, 2),
((SELECT bs.id FROM webapp.blueprint_years b LEFT JOIN webapp.blueprint_semesters bs ON b.id = bs.blueprint_year_id WHERE b.user_id='test-b3s' AND b.academic_year=1 AND bs.semester=2), 'NPRG031', 2022, 3),
((SELECT bs.id FROM webapp.blueprint_years b LEFT JOIN webapp.blueprint_semesters bs ON b.id = bs.blueprint_year_id WHERE b.user_id='test-b3s' AND b.academic_year=1 AND bs.semester=2), 'NSWI170', 2025, 4),
((SELECT bs.id FROM webapp.blueprint_years b LEFT JOIN webapp.blueprint_semesters bs ON b.id = bs.blueprint_year_id WHERE b.user_id='test-b3s' AND b.academic_year=1 AND bs.semester=2), 'NSWI177', 2025, 5),
((SELECT bs.id FROM webapp.blueprint_years b LEFT JOIN webapp.blueprint_semesters bs ON b.id = bs.blueprint_year_id WHERE b.user_id='test-b3s' AND b.academic_year=1 AND bs.semester=2), 'NTIN060', 2021, 6),
((SELECT bs.id FROM webapp.blueprint_years b LEFT JOIN webapp.blueprint_semesters bs ON b.id = bs.blueprint_year_id WHERE b.user_id='test-b3s' AND b.academic_year=1 AND bs.semester=2), 'NTVY015', 2022, 7),
-- b3s 2nd year winter semester
((SELECT bs.id FROM webapp.blueprint_years b LEFT JOIN webapp.blueprint_semesters bs ON b.id = bs.blueprint_year_id WHERE b.user_id='test-b3s' AND b.academic_year=2 AND bs.semester=1), 'NAIL062', 2023, 1),
((SELECT bs.id FROM webapp.blueprint_years b LEFT JOIN webapp.blueprint_semesters bs ON b.id = bs.blueprint_year_id WHERE b.user_id='test-b3s' AND b.academic_year=2 AND bs.semester=1), 'NDBI025', 2022, 2),
((SELECT bs.id FROM webapp.blueprint_years b LEFT JOIN webapp.blueprint_semesters bs ON b.id = bs.blueprint_year_id WHERE b.user_id='test-b3s' AND b.academic_year=2 AND bs.semester=1), 'NDMI011', 2023, 3),
((SELECT bs.id FROM webapp.blueprint_years b LEFT JOIN webapp.blueprint_semesters bs ON b.id = bs.blueprint_year_id WHERE b.user_id='test-b3s' AND b.academic_year=2 AND bs.semester=1), 'NJAZ074', 2024, 4),
((SELECT bs.id FROM webapp.blueprint_years b LEFT JOIN webapp.blueprint_semesters bs ON b.id = bs.blueprint_year_id WHERE b.user_id='test-b3s' AND b.academic_year=2 AND bs.semester=1), 'NPRG041', 2025, 5),
((SELECT bs.id FROM webapp.blueprint_years b LEFT JOIN webapp.blueprint_semesters bs ON b.id = bs.blueprint_year_id WHERE b.user_id='test-b3s' AND b.academic_year=2 AND bs.semester=1), 'NSWI142', 2025, 6),
((SELECT bs.id FROM webapp.blueprint_years b LEFT JOIN webapp.blueprint_semesters bs ON b.id = bs.blueprint_year_id WHERE b.user_id='test-b3s' AND b.academic_year=2 AND bs.semester=1), 'NTIN061', 2025, 7),
((SELECT bs.id FROM webapp.blueprint_years b LEFT JOIN webapp.blueprint_semesters bs ON b.id = bs.blueprint_year_id WHERE b.user_id='test-b3s' AND b.academic_year=2 AND bs.semester=1), 'NTVY016', 2022, 8),
-- b3s 2nd year summer semester
((SELECT bs.id FROM webapp.blueprint_years b LEFT JOIN webapp.blueprint_semesters bs ON b.id = bs.blueprint_year_id WHERE b.user_id='test-b3s' AND b.academic_year=2 AND bs.semester=2), 'NJAZ091', 2024, 1),
((SELECT bs.id FROM webapp.blueprint_years b LEFT JOIN webapp.blueprint_semesters bs ON b.id = bs.blueprint_year_id WHERE b.user_id='test-b3s' AND b.academic_year=2 AND bs.semester=2), 'NJAZ176', 2024, 2),
((SELECT bs.id FROM webapp.blueprint_years b LEFT JOIN webapp.blueprint_semesters bs ON b.id = bs.blueprint_year_id WHERE b.user_id='test-b3s' AND b.academic_year=2 AND bs.semester=2), 'NMAI059', 2023, 3),
((SELECT bs.id FROM webapp.blueprint_years b LEFT JOIN webapp.blueprint_semesters bs ON b.id = bs.blueprint_year_id WHERE b.user_id='test-b3s' AND b.academic_year=2 AND bs.semester=2), 'NPRG024', 2025, 4),
((SELECT bs.id FROM webapp.blueprint_years b LEFT JOIN webapp.blueprint_semesters bs ON b.id = bs.blueprint_year_id WHERE b.user_id='test-b3s' AND b.academic_year=2 AND bs.semester=2), 'NPRG036', 2022, 5),
((SELECT bs.id FROM webapp.blueprint_years b LEFT JOIN webapp.blueprint_semesters bs ON b.id = bs.blueprint_year_id WHERE b.user_id='test-b3s' AND b.academic_year=2 AND bs.semester=2), 'NPRG045', 2025, 6),
((SELECT bs.id FROM webapp.blueprint_years b LEFT JOIN webapp.blueprint_semesters bs ON b.id = bs.blueprint_year_id WHERE b.user_id='test-b3s' AND b.academic_year=2 AND bs.semester=2), 'NSWI153', 2022, 7),
((SELECT bs.id FROM webapp.blueprint_years b LEFT JOIN webapp.blueprint_semesters bs ON b.id = bs.blueprint_year_id WHERE b.user_id='test-b3s' AND b.academic_year=2 AND bs.semester=2), 'NTIN071', 2020, 8),
((SELECT bs.id FROM webapp.blueprint_years b LEFT JOIN webapp.blueprint_semesters bs ON b.id = bs.blueprint_year_id WHERE b.user_id='test-b3s' AND b.academic_year=2 AND bs.semester=2), 'NTVY017', 2024, 9),
-- b3s 3rd year winter semester
((SELECT bs.id FROM webapp.blueprint_years b LEFT JOIN webapp.blueprint_semesters bs ON b.id = bs.blueprint_year_id WHERE b.user_id='test-b3s' AND b.academic_year=3 AND bs.semester=1), 'NPFL129', 2025, 1),
((SELECT bs.id FROM webapp.blueprint_years b LEFT JOIN webapp.blueprint_semesters bs ON b.id = bs.blueprint_year_id WHERE b.user_id='test-b3s' AND b.academic_year=3 AND bs.semester=1), 'NPGR003', 2022, 2),
((SELECT bs.id FROM webapp.blueprint_years b LEFT JOIN webapp.blueprint_semesters bs ON b.id = bs.blueprint_year_id WHERE b.user_id='test-b3s' AND b.academic_year=3 AND bs.semester=1), 'NPRG035', 2022, 3),
((SELECT bs.id FROM webapp.blueprint_years b LEFT JOIN webapp.blueprint_semesters bs ON b.id = bs.blueprint_year_id WHERE b.user_id='test-b3s' AND b.academic_year=3 AND bs.semester=1), 'NPRG073', 2025, 4),
((SELECT bs.id FROM webapp.blueprint_years b LEFT JOIN webapp.blueprint_semesters bs ON b.id = bs.blueprint_year_id WHERE b.user_id='test-b3s' AND b.academic_year=3 AND bs.semester=1), 'NSWI004', 2023, 5),
((SELECT bs.id FROM webapp.blueprint_years b LEFT JOIN webapp.blueprint_semesters bs ON b.id = bs.blueprint_year_id WHERE b.user_id='test-b3s' AND b.academic_year=3 AND bs.semester=1), 'NSWI098', 2025, 6),
((SELECT bs.id FROM webapp.blueprint_years b LEFT JOIN webapp.blueprint_semesters bs ON b.id = bs.blueprint_year_id WHERE b.user_id='test-b3s' AND b.academic_year=3 AND bs.semester=1), 'NSWI154', 2023, 7),
-- m1w N/A
-- m1s 1st year winter semester
((SELECT bs.id FROM webapp.blueprint_years b LEFT JOIN webapp.blueprint_semesters bs ON b.id = bs.blueprint_year_id WHERE b.user_id='test-m1s' AND b.academic_year=1 AND bs.semester=1), 'NDBI034', 2021, 1),
((SELECT bs.id FROM webapp.blueprint_years b LEFT JOIN webapp.blueprint_semesters bs ON b.id = bs.blueprint_year_id WHERE b.user_id='test-m1s' AND b.academic_year=1 AND bs.semester=1), 'NPRG014', 2020, 2),
((SELECT bs.id FROM webapp.blueprint_years b LEFT JOIN webapp.blueprint_semesters bs ON b.id = bs.blueprint_year_id WHERE b.user_id='test-m1s' AND b.academic_year=1 AND bs.semester=1), 'NSWI035', 2025, 3),
((SELECT bs.id FROM webapp.blueprint_years b LEFT JOIN webapp.blueprint_semesters bs ON b.id = bs.blueprint_year_id WHERE b.user_id='test-m1s' AND b.academic_year=1 AND bs.semester=1), 'NSWI130', 2025, 4),
((SELECT bs.id FROM webapp.blueprint_years b LEFT JOIN webapp.blueprint_semesters bs ON b.id = bs.blueprint_year_id WHERE b.user_id='test-m1s' AND b.academic_year=1 AND bs.semester=1), 'NSWI150', 2025, 5),
((SELECT bs.id FROM webapp.blueprint_years b LEFT JOIN webapp.blueprint_semesters bs ON b.id = bs.blueprint_year_id WHERE b.user_id='test-m1s' AND b.academic_year=1 AND bs.semester=1), 'NTIN043', 2023, 6),
((SELECT bs.id FROM webapp.blueprint_years b LEFT JOIN webapp.blueprint_semesters bs ON b.id = bs.blueprint_year_id WHERE b.user_id='test-m1s' AND b.academic_year=1 AND bs.semester=1), 'NTIN066', 2025, 7),
((SELECT bs.id FROM webapp.blueprint_years b LEFT JOIN webapp.blueprint_semesters bs ON b.id = bs.blueprint_year_id WHERE b.user_id='test-m1s' AND b.academic_year=1 AND bs.semester=1), 'NTIN090', 2024, 8),
-- m2w 1st year winter semester
((SELECT bs.id FROM webapp.blueprint_years b LEFT JOIN webapp.blueprint_semesters bs ON b.id = bs.blueprint_year_id WHERE b.user_id='test-m2w' AND b.academic_year=1 AND bs.semester=1), 'NDBI034', 2021, 1),
((SELECT bs.id FROM webapp.blueprint_years b LEFT JOIN webapp.blueprint_semesters bs ON b.id = bs.blueprint_year_id WHERE b.user_id='test-m2w' AND b.academic_year=1 AND bs.semester=1), 'NPRG014', 2020, 2),
((SELECT bs.id FROM webapp.blueprint_years b LEFT JOIN webapp.blueprint_semesters bs ON b.id = bs.blueprint_year_id WHERE b.user_id='test-m2w' AND b.academic_year=1 AND bs.semester=1), 'NSWI035', 2025, 3),
((SELECT bs.id FROM webapp.blueprint_years b LEFT JOIN webapp.blueprint_semesters bs ON b.id = bs.blueprint_year_id WHERE b.user_id='test-m2w' AND b.academic_year=1 AND bs.semester=1), 'NSWI130', 2025, 4),
((SELECT bs.id FROM webapp.blueprint_years b LEFT JOIN webapp.blueprint_semesters bs ON b.id = bs.blueprint_year_id WHERE b.user_id='test-m2w' AND b.academic_year=1 AND bs.semester=1), 'NSWI150', 2025, 5),
((SELECT bs.id FROM webapp.blueprint_years b LEFT JOIN webapp.blueprint_semesters bs ON b.id = bs.blueprint_year_id WHERE b.user_id='test-m2w' AND b.academic_year=1 AND bs.semester=1), 'NTIN043', 2023, 6),
((SELECT bs.id FROM webapp.blueprint_years b LEFT JOIN webapp.blueprint_semesters bs ON b.id = bs.blueprint_year_id WHERE b.user_id='test-m2w' AND b.academic_year=1 AND bs.semester=1), 'NTIN066', 2025, 7),
((SELECT bs.id FROM webapp.blueprint_years b LEFT JOIN webapp.blueprint_semesters bs ON b.id = bs.blueprint_year_id WHERE b.user_id='test-m2w' AND b.academic_year=1 AND bs.semester=1), 'NTIN090', 2024, 8),
-- m2w 1st year summer semester
((SELECT bs.id FROM webapp.blueprint_years b LEFT JOIN webapp.blueprint_semesters bs ON b.id = bs.blueprint_year_id WHERE b.user_id='test-m2w' AND b.academic_year=1 AND bs.semester=2), 'NDBI040', 2025, 1),
((SELECT bs.id FROM webapp.blueprint_years b LEFT JOIN webapp.blueprint_semesters bs ON b.id = bs.blueprint_year_id WHERE b.user_id='test-m2w' AND b.academic_year=1 AND bs.semester=2), 'NDBI042', 2024, 2),
((SELECT bs.id FROM webapp.blueprint_years b LEFT JOIN webapp.blueprint_semesters bs ON b.id = bs.blueprint_year_id WHERE b.user_id='test-m2w' AND b.academic_year=1 AND bs.semester=2), 'NDBI046', 2023, 3),
((SELECT bs.id FROM webapp.blueprint_years b LEFT JOIN webapp.blueprint_semesters bs ON b.id = bs.blueprint_year_id WHERE b.user_id='test-m2w' AND b.academic_year=1 AND bs.semester=2), 'NDMI100', 2022, 4),
((SELECT bs.id FROM webapp.blueprint_years b LEFT JOIN webapp.blueprint_semesters bs ON b.id = bs.blueprint_year_id WHERE b.user_id='test-m2w' AND b.academic_year=1 AND bs.semester=2), 'NPFL138', 2023, 5),
((SELECT bs.id FROM webapp.blueprint_years b LEFT JOIN webapp.blueprint_semesters bs ON b.id = bs.blueprint_year_id WHERE b.user_id='test-m2w' AND b.academic_year=1 AND bs.semester=2), 'NSWI149', 2024, 6),
((SELECT bs.id FROM webapp.blueprint_years b LEFT JOIN webapp.blueprint_semesters bs ON b.id = bs.blueprint_year_id WHERE b.user_id='test-m2w' AND b.academic_year=1 AND bs.semester=2), 'NSWI166', 2023, 7),
((SELECT bs.id FROM webapp.blueprint_years b LEFT JOIN webapp.blueprint_semesters bs ON b.id = bs.blueprint_year_id WHERE b.user_id='test-m2w' AND b.academic_year=1 AND bs.semester=2), 'NSZZ023', 2020, 8),
-- m2s 1st year winter semester
((SELECT bs.id FROM webapp.blueprint_years b LEFT JOIN webapp.blueprint_semesters bs ON b.id = bs.blueprint_year_id WHERE b.user_id='test-m2s' AND b.academic_year=1 AND bs.semester=1), 'NDBI034', 2021, 1),
((SELECT bs.id FROM webapp.blueprint_years b LEFT JOIN webapp.blueprint_semesters bs ON b.id = bs.blueprint_year_id WHERE b.user_id='test-m2s' AND b.academic_year=1 AND bs.semester=1), 'NPRG014', 2020, 2),
((SELECT bs.id FROM webapp.blueprint_years b LEFT JOIN webapp.blueprint_semesters bs ON b.id = bs.blueprint_year_id WHERE b.user_id='test-m2s' AND b.academic_year=1 AND bs.semester=1), 'NSWI035', 2025, 3),
((SELECT bs.id FROM webapp.blueprint_years b LEFT JOIN webapp.blueprint_semesters bs ON b.id = bs.blueprint_year_id WHERE b.user_id='test-m2s' AND b.academic_year=1 AND bs.semester=1), 'NSWI130', 2025, 4),
((SELECT bs.id FROM webapp.blueprint_years b LEFT JOIN webapp.blueprint_semesters bs ON b.id = bs.blueprint_year_id WHERE b.user_id='test-m2s' AND b.academic_year=1 AND bs.semester=1), 'NSWI150', 2025, 5),
((SELECT bs.id FROM webapp.blueprint_years b LEFT JOIN webapp.blueprint_semesters bs ON b.id = bs.blueprint_year_id WHERE b.user_id='test-m2s' AND b.academic_year=1 AND bs.semester=1), 'NTIN043', 2023, 6),
((SELECT bs.id FROM webapp.blueprint_years b LEFT JOIN webapp.blueprint_semesters bs ON b.id = bs.blueprint_year_id WHERE b.user_id='test-m2s' AND b.academic_year=1 AND bs.semester=1), 'NTIN066', 2025, 7),
((SELECT bs.id FROM webapp.blueprint_years b LEFT JOIN webapp.blueprint_semesters bs ON b.id = bs.blueprint_year_id WHERE b.user_id='test-m2s' AND b.academic_year=1 AND bs.semester=1), 'NTIN090', 2024, 8),
-- m2s 1st year summer semester
((SELECT bs.id FROM webapp.blueprint_years b LEFT JOIN webapp.blueprint_semesters bs ON b.id = bs.blueprint_year_id WHERE b.user_id='test-m2s' AND b.academic_year=1 AND bs.semester=2), 'NDBI040', 2025, 1),
((SELECT bs.id FROM webapp.blueprint_years b LEFT JOIN webapp.blueprint_semesters bs ON b.id = bs.blueprint_year_id WHERE b.user_id='test-m2s' AND b.academic_year=1 AND bs.semester=2), 'NDBI042', 2024, 2),
((SELECT bs.id FROM webapp.blueprint_years b LEFT JOIN webapp.blueprint_semesters bs ON b.id = bs.blueprint_year_id WHERE b.user_id='test-m2s' AND b.academic_year=1 AND bs.semester=2), 'NDBI046', 2023, 3),
((SELECT bs.id FROM webapp.blueprint_years b LEFT JOIN webapp.blueprint_semesters bs ON b.id = bs.blueprint_year_id WHERE b.user_id='test-m2s' AND b.academic_year=1 AND bs.semester=2), 'NDMI100', 2022, 4),
((SELECT bs.id FROM webapp.blueprint_years b LEFT JOIN webapp.blueprint_semesters bs ON b.id = bs.blueprint_year_id WHERE b.user_id='test-m2s' AND b.academic_year=1 AND bs.semester=2), 'NPFL138', 2023, 5),
((SELECT bs.id FROM webapp.blueprint_years b LEFT JOIN webapp.blueprint_semesters bs ON b.id = bs.blueprint_year_id WHERE b.user_id='test-m2s' AND b.academic_year=1 AND bs.semester=2), 'NSWI149', 2024, 6),
((SELECT bs.id FROM webapp.blueprint_years b LEFT JOIN webapp.blueprint_semesters bs ON b.id = bs.blueprint_year_id WHERE b.user_id='test-m2s' AND b.academic_year=1 AND bs.semester=2), 'NSWI166', 2023, 7),
((SELECT bs.id FROM webapp.blueprint_years b LEFT JOIN webapp.blueprint_semesters bs ON b.id = bs.blueprint_year_id WHERE b.user_id='test-m2s' AND b.academic_year=1 AND bs.semester=2), 'NSZZ023', 2020, 8),
-- m2s 2nd year winter semester
((SELECT bs.id FROM webapp.blueprint_years b LEFT JOIN webapp.blueprint_semesters bs ON b.id = bs.blueprint_year_id WHERE b.user_id='test-m2s' AND b.academic_year=2 AND bs.semester=1), 'NAIL025', 2020, 1),
((SELECT bs.id FROM webapp.blueprint_years b LEFT JOIN webapp.blueprint_semesters bs ON b.id = bs.blueprint_year_id WHERE b.user_id='test-m2s' AND b.academic_year=2 AND bs.semester=1), 'NDBI021', 2024, 2),
((SELECT bs.id FROM webapp.blueprint_years b LEFT JOIN webapp.blueprint_semesters bs ON b.id = bs.blueprint_year_id WHERE b.user_id='test-m2s' AND b.academic_year=2 AND bs.semester=1), 'NDBI048', 2021, 3),
((SELECT bs.id FROM webapp.blueprint_years b LEFT JOIN webapp.blueprint_semesters bs ON b.id = bs.blueprint_year_id WHERE b.user_id='test-m2s' AND b.academic_year=2 AND bs.semester=1), 'NDMI098', 2018, 4),
((SELECT bs.id FROM webapp.blueprint_years b LEFT JOIN webapp.blueprint_semesters bs ON b.id = bs.blueprint_year_id WHERE b.user_id='test-m2s' AND b.academic_year=2 AND bs.semester=1), 'NSZZ024', 2020, 5);
