"POVINN","UCIT"
NTIN066,"11103"
NTIN061,"90906"
NMMB415,"11063"
NFPL135,"18969"
NOFY088,"11977"
NOFY141,"11494"
NMAG407,"12463"
NMAI057,"44027"
NMFP533,"66149"
NTIN022,"75254"
NCGD008,"54720"
NMFP407,"77664"
NBCM179,"11371"
NDMI002,"11098"
NUIN021,"23828"
NMTD103,"18359"
NPRG030,"13270"
NSWI142,"43653"
NAIL131,"27504"
NAIL130,"78661"
NMSA602,"24142"
NFPL124,"12591"
NFPL124,"11438"
NMAG531,"12673"
NMAG442,"82230"
NMMA101,"11491"
NMMB411,"12129"
NBCM233,"11724"
NBCM233,"55328"
NOFY080,"14073"
NFPL152,"11064"
NDBI025,"30014"
NPRG030,"11369"
NPRG062,"59496"
NMEK511,"13578"
NBCM018,"11979"
NBCM080,"47197"
NJAZ072,"58753"
NJAZ091,"58753"
NJAZ091,"10853"
NTIN061,"96680"
NMAI069,"11279"
NEVF126,"11706"
NEVF128,"11320"
NEVF151,"12367"
NEVF173,"11747"
NEVF191,"11706"
NEVF501,"13377"
NEVF503,"11359"
NEVF506,"11747"
NEVF524,"11564"
NEVF534,"12110"
NFOE008,"12494"
NFOE016,"12494"
NFOE016,"64438"
NFOE018,"12494"
NPRG062,"11282"
NPRG041,"88580"
NFPL043,"12448"
NFPL045,"11838"
NFPL049,"13439"
NFPL078,"18085"
NFPL091,"11438"
NFPL145,"18084"
NFPL144,"11337"
NFPL145,"11066"
NJSF006,"25410"
NJSF044,"11839"
NJSF047,"24303"
NJSF057,"11580"
NJSF086,"11092"
NJSF137,"11453"
NJSF142,"12511"
NFPL156,"15269"
NFPL157,"12853"
NFPL171,"11476"
NFPL175,"11841"
NFPL182,"11605"
NFPL186,"11593"
NFPL187,"10864"
NFPL204,"29535"
NFPL216,"12478"
NFPL243,"22962"
NFPL253,"12837"
NFPL306,"18084"
NMET010,"13635"
NMET012,"29846"
NMMA331,"11466"
NFPL801,"11757"
NFUF305,"17184"
NFUF501,"11486"
NFUF502,"11034"
NFUF702,"11221"
NFUF703,"13439"
NFUF828,"14077"
NGEO030,"43439"
NGEO086,"11099"
NJAZ101,"92813"
NJSF125,"12511"
NJSF143,"18359"
NJSF157,"70760"
NJSF191,"11305"
NJSF191,"12347"
NMAF013,"12707"
NMAG481,"11467"
NMET063,"10832"
NMMO212,"89529"
NMMO432,"11112"
NMMO461,"10997"
NMNV540,"11852"
NMAG433,"37386"
NMAG434,"69570"
NMAG467,"11614"
NMAG467,"11769"
NMAG585,"11572"
NOFY056,"11325"
NMET507,"41772"
NMET511,"10786"
NMET528,"13359"
NMMA201,"11583"
NFUF203,"11510"
NMEK605,"11138"
NMET019,"13359"
NMET032,"12811"
NMET036,"12089"
NMFP501,"11380"
NMFP503,"24327"
NMFY160,"11143"
NMIN331,"11406"
NMIN365,"10734"
NMMA361,"11560"
NMMA452,"11336"
NMMA479,"16543"
NMMA569,"79147"
NMMB501,"17391"
NMMB531,"12129"
NMMO327,"12416"
NMMO539,"12416"
NMMO599,"13217"
NMNM201,"47182"
NMNM201,"89529"
NMNV401,"11500"
NMNV411,"62138"
NOFY022,"20021"
NDMI073,"97489"
NJSF194,"11305"
NJSF194,"12594"
NMSA405,"12178"
NMAG570,"13176"
NMTD511,"16457"
NMTM103,"12947"
NMTM103,"20791"
NMTM161,"17787"
NMTM307,"24234"
NMTM331,"17787"
NMTM462,"83601"
NMTM501,"17787"
NMTM511,"11914"
NMTP533,"35910"
NOFY003,"20429"
NTIN061,"65641"
NPRG045,"12088"
NPFL006,"11010"
NOFY047,"11289"
NOFY052,"11348"
NOFY052,"11783"
NOFY055,"12704"
NOFY064,"11783"
NMMB309,"38463"
NMMA654,"77575"
NMSA333,"35910"
NFPL800,"12706"
NOOE040,"11510"
NOOE071,"12789"
NOOE123,"15147"
NOOE127,"89934"
NOOE131,"40113"
NOOE132,"21310"
NOOE133,"51768"
NOPT042,"11622"
NPED045,"12986"
NPED048,"12986"
NPEP803,"11075"
NMAI059,"82348"
NPFL067,"45589"
NPFL125,"11275"
NAFY084,"11066"
NAFY084,"11337"
NAFY084,"13582"
NAFY102,"11064"
NAFY102,"11723"
NAIL082,"12986"
NAIL102,"11309"
NAIL109,"14650"
NPFL129,"43541"
NPGR003,"16878"
NDMI011,"94340"
NPRG014,"12088"
NPRG014,"31182"
NPRG030,"11324"
NBCM244,"47197"
NAST031,"12150"
NAST034,"11492"
NBCM008,"71987"
NBCM095,"11775"
NBCM095,"11780"
NBCM101,"11410"
NSCI030,"24737"
NSWI036,"11547"
NSWI126,"12997"
NSWI130,"10938"
NTIN090,"12418"
NMNM201,"13003"
NMFM305,"23009"
NMMB464,"16395"
NMMB464,"88657"
NOFY087,"11337"
NBCM108,"12388"
NBCM115,"11410"
NBCM124,"12943"
NBCM158,"11168"
NBCM158,"12628"
NBCM175,"11600"
NBCM220,"17150"
NOFY087,"70426"
NBCM300,"13761"
NBCM306,"11168"
NCGD007,"13860"
NSCI050,"12921"
NTMF030,"19798"
NTMF062,"11975"
NTVY006,"73760"
NTVY014,"16590"
NTVY014,"73760"
NTVY016,"11077"
NTVY016,"70151"
NTVY016,"71059"
NTVY016,"78660"
NUFY037,"12571"
NUMV084,"11765"
NZZZ274,"11115"
NOFY056,"13360"
NDGF017,"11525"
NDGF023,"11525"
NDGF024,"12320"
NDMI009,"71852"
NMAF062,"10956"
NDMI073,"11286"
NMAG112,"86910"
NEVF108,"11387"
NEVF112,"19759"
NMMA457,"58634"
NBCM178,"11490"
NMAG403,"12460"
NTIN061,"11302"
NMMB411,"93288"
NMFP409,"24327"
NMMB337,"11465"
NMTD203,"20791"
NAST024,"12150"
NAST036,"11144"
NBCM046,"12388"
NBCM353,"17076"
NMAG305,"10899"
NFPL076,"12415"
NFPL139,"23022"
NBCM096,"21310"
NBCM100,"12388"
NBCM100,"12955"
NCHF072,"21455"
NJAZ070,"78657"
NJAZ102,"92813"
NJAZ105,"76387"
NBCM127,"11490"
NMET004,"83195"
NFPL151,"11724"
NFPL151,"11757"
NFPL151,"12143"
NFPL163,"12415"
NFPL172,"11476"
NFPL172,"24737"
NFPL179,"11078"
NFPL180,"12478"
NDGF025,"13217"
NFPL500,"13179"
NFPL500,"18085"
NFPL551,"11523"
NFUF826,"13827"
NFUF830,"14077"
NFUF834,"12410"
NFUF837,"11617"
NGEO096,"13396"
NMFP407,"12382"
NBCM176,"11441"
NDMI012,"12117"
NFPL209,"12478"
NFPL209,"29535"
NMSA600,"11888"
NFPL250,"28321"
NMMB551,"50002"
NOFY075,"10731"
NGEO111,"13396"
NJAZ054,"11412"
NDMI056,"12117"
NEVF101,"11431"
NEVF102,"11793"
NEVF113,"19759"
NBCM182,"25006"
NBCM183,"13733"
NBCM238,"16400"
NBCM240,"19204"
NBCM308,"11979"
NBCM322,"11621"
NEVF119,"13116"
NEVF134,"18635"
NEVF150,"12945"
NEVF166,"11387"
NOFY024,"18016"
NEVF175,"58133"
NEVF508,"11706"
NAFY019,"23022"
NAFY023,"11616"
NMMA706,"12944"
NEVF537,"11706"
NFOE004,"25006"
NFPL003,"11304"
NFPL012,"12706"
NFPL023,"11347"
NFPL023,"11370"
NFPL023,"11757"
NFPL030,"11337"
NFPL056,"11589"
NAIL013,"11328"
NAIL105,"74603"
NAST011,"11393"
NJAZ072,"88357"
NMMA410,"12428"
NMMA122,"19716"
NOFY018,"11471"
NOFY066,"12591"
NEVF518,"11607"
NSWI158,"98887"
NAFY101,"11078"
NAFY101,"11438"
NAFY101,"20678"
NBCM103,"13761"
NMAI054,"11115"
NSCI004,"18412"
NMIN112,"24426"
NMSA202,"68652"
NTIN086,"54923"
NBCM177,"11490"
NMAG261,"38463"
NMSA334,"11345"
NOFY066,"11408"
NDMI064,"12426"
NMSA332,"24142"
NMAT362,"38463"
NMMB532,"11172"
NPFL068,"45589"
NPFL068,"12975"
NPRG064,"10732"
NPRG065,"11288"
NPRG045,"12418"
NSZZ502,"20791"
NMAI058,"13014"
NPFL124,"11275"
NFPL217,"13368"
NOFY018,"11747"
NPRG045,"11272"
NFPL085,"11323"
NMST711,"11521"
NOFY089,"11510"
NMSA170,"89594"
NMTD406,"16457"
NSWI170,"66889"
NSWI054,"12088"
NSWI177,"17077"
NFUF503,"11846"
NOFY085,"12988"
NAIL134,"80246"
NMNM336,"97188"
NMET009,"43788"
NMET009,"13635"
NOFY125,"11536"
NOFY011,"12945"
NOFY130,"11591"
NOFY130,"10864"
NOFY130,"12481"
NBCM241,"12411"
NFUF402,"11849"
NMAG450,"65702"
NMTM102,"83601"
NEVF191,"12367"
NTVY003,"73760"
NPGR036,"98090"
NJAZ099,"68968"
NMTD102,"20791"
NMTM104,"12947"
NMTM204,"10728"
NDMI025,"23828"
NMTM332,"17787"
NOFY028,"12704"
NMUG312,"10728"
NMUG410,"10728"
NMUM602,"11765"
NSZZ501,"17187"
NOFY125,"11854"
NSZZ501,"17787"
NAIL124,"11108"
NOFY084,"11727"
NMFP436,"75569"
NOOE012,"13761"
NTMF063,"11143"
NOOE016,"25211"
NOOE119,"11304"
NOOE119,"12411"
NOOE129,"15147"
NOPT057,"12426"
NOPT058,"11103"
NPFL141,"12725"
NPGR019,"20680"
NPGR026,"67236"
NPGR027,"16878"
NFUF836,"43520"
NMTM310,"11664"
NPRG045,"12986"
NPRG045,"10963"
NPRG045,"11103"
NPRG045,"10734"
NPRG045,"88106"
NPRG045,"22187"
NPRG045,"12531"
NPRG066,"11207"
NPRG076,"12087"
NSWI090,"24712"
NSWI144,"19441"
NBCM243,"16238"
NTIN060,"12418"
NSZZ010,"17187"
NTIN064,"12441"
NFOE001,"11589"
NTIN094,"12705"
NOOE035,"11410"
NTMF032,"11003"
NTMF044,"11854"
NTMF044,"28321"
NTVY015,"70151"
NTVY017,"11877"
NFOE013,"13310"
NUIN017,"11845"
NMST532,"12436"
NFUF105,"14073"
NFPL028,"10863"
NOFY028,"11510"
NDMI013,"71852"
NEVF192,"12367"
NMAI059,"76957"
NOFY086,"13227"
NFUF103,"12284"
NMMB402,"12345"
NFPL188,"10850"
NMAG206,"38463"
NEVF550,"11706"
NPGR038,"54720"
NOFY130,"18359"
NSWI170,"65502"
NPFL140,"43541"
NOFY021,"13310"
NTMF060,"49403"
NOFY075,"11854"
NEVF123,"17642"
NPRG045,"67236"
NMMO536,"12308"
NMMA622,"10997"
NMFM338,"11380"
NTMF038,"49031"
NMAT362,"12631"
NFOE012,"11783"
NPRG045,"82351"
NFUF404,"11570"
NMMA263,"16543"
NMAG164,"11494"
NMAG164,"67053"
NOFY151,"11512"
NMST438,"11554"
NTIN061,"12418"
NTIN102,"11354"
NPRG041,"11618"
NFUF302,"17184"
NMTM405,"11765"
NMAG499,"77928"
NMTP539,"12711"
NMAG162,"11896"
NMAI057,"13014"
NMIN111,"11573"
NOFY028,"11977"
NFPL124,"11723"
NFPL124,"17076"
NFPL146,"11408"
NBCM094,"11620"
NEVF505,"11431"
NFPL146,"11757"
NOFY151,"96507"
NMMA261,"16543"
NFPL211,"11408"
NOFY071,"25211"
NTIN061,"11103"
NJAZ090,"78657"
NDMI012,"92597"
NBCM039,"25101"
NMNV451,"11668"
NMNV451,"62138"
NMMA405,"12495"
NMFP466,"12365"
NMFM207,"12354"
NMST570,"13321"
NBCM029,"21455"
NBCM029,"16238"
NTIN085,"11063"
NOFY163,"16478"
NEVF136,"13116"
NEVF163,"16652"
NEVF174,"58133"
NEVF502,"17641"
NEVF503,"11747"
NEVF506,"11431"
NEVF514,"34276"
NFOE016,"13179"
NFOE018,"13179"
NFOE024,"25101"
NFPL011,"11635"
NFPL019,"12837"
NMEK412,"11888"
NMEK450,"11784"
NMEK606,"11138"
NFPL135,"11524"
NFPL037,"11337"
NFPL059,"13439"
NFPL061,"28321"
NFPL078,"11543"
NFPL086,"63854"
NFPL088,"76971"
NFPL093,"11438"
NFPL096,"12965"
NFPL098,"11757"
NFPL098,"12704"
NFPL113,"37329"
NFPL129,"11438"
NFPL133,"11337"
NFPL143,"11323"
NJSF085,"13104"
NJSF126,"12511"
NJSF140,"37918"
NJSF150,"12374"
NFPL145,"12704"
NFPL174,"14073"
NFPL196,"18385"
NFPL201,"11078"
NFPL202,"24737"
NFPL203,"11476"
NFPL252,"11543"
NFPL304,"12836"
NMEK615,"11345"
NMET024,"13359"
NMNV412,"11827"
NFPL550,"11536"
NFPL800,"37919"
NFPL801,"11337"
NFUF802,"11570"
NGEO002,"11525"
NGEO083,"12364"
NGEO100,"11400"
NGEO110,"11861"
NJAZ051,"11412"
NJAZ099,"92813"
NJSF043,"11839"
NJSF056,"12432"
NJSF081,"11260"
NJSF102,"12379"
NJSF122,"11825"
NJSF131,"11453"
NJSF151,"12347"
NJSF160,"24303"
NMAF013,"12811"
NMAG465,"11469"
NDMI092,"11286"
NMMO402,"12850"
NMMO461,"11502"
NMMO461,"11836"
NMMO564,"11112"
NMNM334,"11500"
NMNV462,"11638"
NMNV532,"11563"
NMAG577,"21159"
NMAG581,"16395"
NMAG583,"37386"
NMAI055,"12486"
NMAI067,"11266"
NMAI073,"10734"
NDMI106,"37173"
NMET070,"13359"
NMET075,"11073"
NMET526,"12811"
NJAZ174,"10853"
NOFY024,"19759"
NFUF203,"13298"
NMET061,"13635"
NMET064,"12960"
NMFM204,"11888"
NMMA102,"11560"
NMMA404,"12357"
NDMI098,"80619"
NMMA431,"12944"
NMMA452,"10997"
NMMA458,"11560"
NMMA573,"12970"
NMMB473,"50002"
NMMO541,"13217"
NMMO567,"75779"
NMMO599,"11563"
NJAZ070,"88357"
NMSA202,"12632"
NMSA202,"67135"
NJAZ111,"58753"
NJSF192,"12347"
NMTD511,"17187"
NMTM205,"11765"
NMTM463,"91130"
NMTM511,"16457"
NMAF001,"11383"
NOFY023,"11483"
NOFY055,"11078"
NOFY056,"13227"
NOFY077,"11260"
NMMA436,"11574"
NMSA230,"11927"
NMMA586,"79147"
NOFY021,"12591"
NOOE007,"11397"
NOOE017,"11620"
NOOE025,"20021"
NOOE046,"12706"
NOOE124,"12246"
NMAI058,"10752"
NPFL012,"12442"
NPFL101,"10876"
NAFY003,"12704"
NAFY027,"20021"
NAFY084,"11438"
NAFY084,"11926"
NAIL002,"11328"
NAIL025,"11309"
NAIL025,"14650"
NAIL078,"12948"
NAIL087,"16394"
NAIL101,"12755"
NAIL102,"24426"
NAIL109,"11309"
NAIL116,"11328"
NAIL127,"27504"
NPGR001,"74126"
NPGR003,"11804"
NPRG030,"64406"
NPRG041,"44325"
NPRG045,"13027"
NPRG045,"70580"
NPRG045,"79287"
NPRG045,"32286"
NAST017,"13307"
NAST023,"11982"
NAST026,"43520"
NBCM014,"11621"
NBCM072,"12448"
NBCM083,"12435"
NBCM095,"11979"
NPRG070,"13027"
NPRG071,"10854"
NSCI030,"63390"
NSWI150,"11278"
NSWI201,"12579"
NTIN040,"11791"
NMAI059,"78699"
NTIN073,"12441"
NTIN091,"11103"
NTIN103,"32286"
NTIN106,"11103"
NMAI073,"92597"
NBCM116,"12388"
NBCM131,"10823"
NBCM139,"17076"
NBCM142,"11593"
NBCM144,"10733"
NBCM155,"10731"
NPRG045,"81948"
NBCM165,"12411"
NBCM181,"11621"
NBCM187,"11621"
NBCM211,"11838"
NBCM214,"11724"
NBCM217,"11593"
NBCM239,"19204"
NBCM316,"11621"
NBCM317,"11176"
NBCM320,"11441"
NBCM320,"11488"
NBCM324,"13761"
NCGD007,"54720"
NSCI050,"11064"
NTMF021,"11924"
NTMF043,"28321"
NTMF047,"12363"
NTVY006,"70151"
NTVY014,"11077"
NTVY014,"11671"
NTVY016,"11152"
NZZZ276,"11115"
NDFY064,"17184"
NDGF002,"13396"
NDGF007,"11225"
NDGF027,"12320"
NDGF029,"12798"
NDGF029,"13396"
NDGF031,"11525"
NDIN011,"11433"
NDMI050,"12406"
NDMI116,"10945"
NPGR036,"62433"
NPGR036,"68764"
NOFY002,"12454"
NMMA101,"96551"
NDMI011,"82348"
NPRG035,"97996"
NAST042,"11585"
NBCM087,"11775"
NPRG062,"12406"
NFPL137,"11553"
NBCM099,"12388"
NJAZ071,"88357"
NDBI026,"12471"
NDBI042,"12657"
NDBI045,"13461"
NDBI046,"10938"
NDBI046,"74478"
NJAZ093,"12390"
NJAZ095,"53792"
NJAZ096,"64280"
NCHF071,"92037"
NFPL181,"10850"
NFPL147,"34229"
NFPL151,"11078"
NFPL151,"11454"
NFPL161,"11553"
NFPL163,"12853"
NFPL190,"12704"
NDGF019,"11225"
NMST551,"11518"
NFUF104,"11849"
NFUF204,"11075"
NFUF206,"11510"
NFUF805,"13827"
NFUF809,"11728"
NFUF811,"17184"
NGEO061,"11400"
NGEO074,"11525"
NGEO076,"11400"
NGEO081,"11400"
NGEO097,"11497"
NAIL062,"12948"
NMFP463,"21830"
NDIN015,"11433"
NFPL195,"11476"
NPRG045,"65502"
NDMI045,"12486"
NFPL500,"11926"
NJAZ044,"53792"
NDMI056,"11358"
NMAI057,"11306"
NOFY024,"11616"
NBCM223,"19302"
NBCM236,"17076"
NBCM238,"12591"
NEVF149,"17642"
NEVF161,"11066"
NEVF165,"11320"
NOFY024,"18085"
NEVF507,"11706"
NEVF507,"12681"
NEVF529,"11621"
NAFY029,"11421"
NAFY030,"15147"
NAFY038,"11591"
NAFY080,"11490"
NOOE126,"11360"
NFOE003,"18084"
NFOE017,"12494"
NFPL012,"12988"
NAIL100,"11023"
NOFY142,"91934"
NBCM242,"12621"
NFPL312,"13582"
NAST003,"11159"
NJAZ176,"48144"
NOFY162,"12720"
NMAG437,"11469"
NOFY021,"21455"
NOFY018,"11724"
NOFY066,"12478"
NFPL221,"24737"
NAFY101,"11620"
NAFY101,"24934"
NBCM103,"13179"
NMAG572,"95979"
NMST422,"11927"
NMMA204,"11583"
NBCM177,"11582"
NPRG031,"11282"
NOFY066,"17076"
NMTP562,"11741"
NOFY024,"14070"
NOFY024,"22962"
NPFL138,"10875"
NOPT016,"11291"
NSWE001,"12088"
NPRG038,"10732"
NGEO105,"12392"
NMFM334,"68652"
NAIL028,"94346"
NOFY070,"12454"
NSWI170,"11618"
NSWI170,"83158"
NSWI203,"10938"
NTIN100,"75254"
NTIN071,"80265"
NTMF100,"11143"
NTMF037,"11483"
NOFY130,"12568"
NOFY130,"68097"
NOFY130,"11715"
NMFM306,"61393"
NMFM306,"94274"
NOFY022,"12413"
NAFY010,"13298"
NMTM161,"17187"
NPRG051,"11618"
NMST541,"11626"
NBCM345,"13733"
NTVY003,"71059"
NMMA465,"11269"
NMMA465,"89256"
NPRG045,"80265"
NBCM067,"12411"
NMMB568,"11415"
NMTD202,"17187"
NMMA462,"16543"
NMTM106,"10728"
NMET015,"13216"
NMTP438,"12178"
NMUG410,"11765"
NOFY078,"12916"
NMSA262,"12711"
NOOE009,"12095"
NOOE021,"11360"
NOOE081,"38218"
NOOE130,"16902"
NMAG496,"96636"
NCGD001,"54720"
NPGR004,"67236"
NOFY057,"10725"
NFUF836,"11486"
NBCM112,"11438"
NBCM112,"17393"
NSZZ501,"12731"
NPRG045,"11822"
NPRG045,"19441"
NPRG045,"65461"
NPRG045,"11606"
NDMI087,"11105"
NPRG045,"80389"
NMMB332,"31857"
NPRG045,"61653"
NPRG045,"92164"
NPRG051,"13027"
NPRG070,"11310"
NPRG071,"11845"
NPRG072,"11324"
NPRG078,"11581"
NSWI026,"72885"
NSWE001,"83603"
NSWI079,"11037"
NSWI080,"93007"
NSWI152,"13027"
NSWI153,"44325"
NJSF146,"24303"
NTMF088,"11339"
NSZZ010,"11318"
NTIN071,"12418"
NTIN099,"11302"
NTMF027,"12363"
NTMF048,"11325"
NTMF130,"19798"
NTVY017,"11239"
NDZK001,"12390"
NFPL028,"13298"
NAFY002,"12284"
NOFY028,"14070"
NOFY086,"11320"
NBCM018,"71987"
NBCM024,"12611"
NEVF550,"61696"
NOFY130,"11724"
NAFY002,"17393"
NMEK436,"11888"
NMMA102,"11491"
NAST009,"13184"
NPFL140,"27504"
NOFY021,"11553"
NMST564,"17952"
NOFY126,"11143"
NMTM410,"10728"
NMTM410,"17787"
NMIN112,"11282"
NMMA622,"11502"
NOFY028,"13227"
NFPL311,"11349"
NFPL122,"11323"
NTIN060,"12406"
NOFY152,"11512"
NMAI054,"82457"
NFUF818,"11811"
NDMI013,"11098"
NOFY024,"12143"
NMTM404,"12354"
NMAG573,"65702"
NMAG164,"92814"
NMST450,"24142"
NAFY032,"24934"
NMFM311,"11380"
NMAG211,"12324"
NPRG030,"24426"
NDMI002,"80381"
NTIN102,"11063"
NOFY141,"91934"
NMAG405,"39245"
NDMI011,"96762"
NOFY151,"24235"
NBCM012,"71987"
NFUF403,"11034"
NFUF403,"11728"
NMAG439,"75103"
NAIL130,"33844"
NMST552,"12631"
NFPL124,"11724"
NFPL124,"13179"
NEVF505,"12437"
NFPL146,"11779"
NFPL146,"12706"
NMSA211,"24142"
NMNM331,"20877"
NPGR002,"11831"
NTMF006,"47215"
NMAG498,"10831"
NMFP466,"40513"
NOOE005,"11370"
NPRG045,"10876"
NMTD303,"17187"
NFPL136,"23022"
NBCM080,"55328"
NJAZ091,"23675"
NMFM301,"11518"
NMFM301,"11927"
NMUM468,"16457"
NMTM110,"17787"
NDMI118,"80619"
NEVF122,"12437"
NEVF152,"11387"
NEVF514,"34229"
NFPL013,"10850"
NFPL014,"11753"
NFPL020,"11779"
NFPL800,"11447"
NMAI064,"11774"
NMAI064,"12486"
NMAT057,"11772"
NMET062,"10832"
NJAZ204,"22464"
NFPL041,"34229"
NFPL045,"11454"
NFPL053,"13439"
NFPL053,"32594"
NFPL083,"39246"
NFPL095,"11757"
NFPL098,"14073"
NFPL145,"13582"
NFPL145,"11078"
NFPL128,"12704"
NFPL143,"11635"
NJSF085,"11568"
NJSF092,"12347"
NJSF103,"12374"
NJSF103,"19736"
NJSF133,"12432"
NJSF142,"13104"
NJSF152,"11305"
NFUF902,"12410"
NFUF832,"17184"
NFPL168,"11476"
NFPL168,"11757"
NFPL204,"12965"
NFPL241,"18092"
NFPL244,"34229"
NFPL306,"18085"
NFPL309,"18084"
NMEK613,"12098"
NMET012,"13635"
NMET024,"11599"
NMNV412,"14271"
NFUF201,"11441"
NFUF201,"11212"
NFUF802,"13827"
NFUF821,"14077"
NFUF827,"11075"
NFUF838,"11075"
NGEO032,"12392"
NGEO080,"11400"
NGEO088,"12990"
NGEO103,"11525"
NCHF071,"39246"
NJAZ045,"53792"
NJAZ053,"11412"
NAIL126,"11822"
NMST511,"12631"
NAIL062,"11606"
NDMI098,"81937"
NJAZ203,"22464"
NJSF067,"12481"
NJSF091,"11305"
NJSF107,"11327"
NJSF124,"11825"
NJSF155,"12511"
NJSF158,"70764"
NJSF160,"13395"
NMAF017,"12704"
NMAG472,"10899"
NMAG331,"13176"
NMNV532,"13056"
NMNV538,"11500"
NMNV544,"14271"
NMAG571,"12673"
NMAI055,"11115"
NMAI165,"11626"
NMET512,"12258"
NJAZ174,"59412"
NMAI069,"22464"
NMEK605,"11345"
NMET011,"10832"
NMET019,"13397"
NMET020,"11174"
NMET071,"13635"
NMET501,"13360"
NMET533,"11160"
NMET533,"13397"
NMMA164,"12731"
NMMA435,"12970"
NMMA455,"11574"
NMMA459,"11466"
NMMA533,"11491"
NMMA575,"11466"
NMMB437,"10898"
NMMB442,"11050"
NMMO327,"11112"
NMMO401,"11112"
NMMO539,"11512"
NMNV405,"73125"
NMNV531,"11668"
NJAZ174,"48144"
NMSA170,"12178"
NMMA205,"12306"
NMST543,"12178"
NMST543,"13759"
NMST611,"68435"
NMTM462,"17187"
NMTM511,"11765"
NMTM511,"12731"
NOFY003,"18412"
NPRG030,"11037"
NMFM336,"12098"
NOFY036,"11304"
NOFY059,"11476"
NOFY022,"11775"
NMMA588,"12970"
NMMA339,"11336"
NMMA101,"11560"
NMAG212,"11769"
NOFY029,"13466"
NMMB404,"50002"
NOOE029,"11629"
NOOE039,"11510"
NOOE046,"11337"
NOOE074,"11629"
NOOE100,"12413"
NOOE127,"11300"
NOOE139,"21310"
NOPT045,"12353"
NPED047,"33844"
NPEP901,"11550"
NPFL097,"13654"
NAFY084,"11387"
NAFY103,"11348"
NAIL069,"11622"
NAIL082,"54720"
NAIL127,"43541"
NPFL130,"22187"
NPGR001,"78100"
NPGR005,"62433"
NPGR035,"68764"
NPRG045,"11306"
NAIL132,"93461"
NAST004,"12150"
NAST008,"12150"
NAST008,"13007"
NAST012,"12148"
NBCM010,"11780"
NBCM014,"11168"
NBCM080,"16400"
NBCM091,"12939"
NSWI103,"10740"
NTIN046,"11791"
NMAI059,"10734"
NTIN079,"11791"
NTMF002,"12411"
NOFY087,"12837"
NBCM122,"25101"
NBCM138,"11593"
NBCM147,"39801"
NBCM149,"13179"
NBCM150,"13179"
NBCM166,"10731"
NBCM187,"12388"
NBCM200,"11347"
NBCM217,"11779"
NBCM219,"11347"
NBCM300,"11620"
NBCM347,"11621"
NCGD013,"40505"
NTMF020,"18859"
NTMF045,"11862"
NTMF059,"49403"
NTVY006,"11077"
NTVY006,"11239"
NTVY014,"11239"
NUFY130,"11757"
NUMV058,"17787"
NMSA331,"11521"
NFUF816,"17184"
NMAI057,"11291"
NOFY056,"12437"
NMAI057,"82351"
NDBI025,"13461"
NDGF026,"12317"
NDIN006,"11433"
NDMI002,"93063"
NDMI041,"10734"
NMAG112,"38463"
NDMI050,"65641"
NDMI070,"12460"
NBCM178,"11371"
NBCM178,"11775"
NBCM178,"70426"
NOFY021,"17076"
NOFY021,"16400"
NMAG475,"35546"
NPRG041,"74478"
NAST030,"44337"
NEVF170,"13116"
NBCM011,"11979"
NBCM093,"12411"
NMNV405,"11502"
NAST019,"13307"
NFPL097,"11745"
NFPL136,"18084"
NFPL139,"18085"
NBCM107,"11856"
NBCM114,"11371"
NCHF072,"16238"
NJAZ170,"64280"
NJAZ079,"76387"
NJAZ082,"11412"
NJAZ084,"11412"
NJAZ109,"76387"
NJAZ112,"10853"
NBCM120,"12494"
NBCM124,"33014"
NBCM125,"12388"
NBCM125,"12955"
NBCM156,"13761"
NFPL151,"11362"
NMET005,"11617"
NFPL151,"12704"
NFPL154,"22962"
NDGF019,"12217"
NMST551,"11927"
NFPL505,"11276"
NFUF206,"11780"
NFUF807,"11757"
NGEO006,"11747"
NMSA413,"89594"
NBCM171,"11182"
NDGF029,"20575"
NDMI015,"12486"
NFPL205,"20043"
NDMI002,"92597"
NMFP461,"24130"
NMFP461,"77216"
NDMI025,"11354"
NFPL213,"11723"
NFPL215,"11078"
NMSA409,"35910"
NJSF079,"13104"
NEVF111,"11793"
NMAG211,"12720"
NBCM206,"11838"
NBCM215,"12939"
NBCM231,"21455"
NBCM346,"11621"
NMAG537,"75103"
NEVF134,"36435"
NOFY056,"11592"
NEVF517,"17677"
NAFY030,"11300"
NMAI055,"19716"
NEVF537,"13227"
NFOE003,"11543"
NFOE021,"25006"
NFPL017,"16400"
NFPL044,"11543"
NAIL105,"11023"
NAIL110,"51532"
NOFY142,"86890"
NOFY021,"12706"
NFPL312,"12706"
NFPL312,"18385"
NAST003,"11815"
NAST003,"12149"
NAST019,"12252"
NOFY066,"19302"
NOFY066,"10864"
NFPL221,"20043"
NOFY018,"11438"
NPFL120,"12356"
NEVF122,"11607"
NAFY101,"12284"
NBCM103,"12284"
NMNV571,"20877"
NSCI004,"12921"
NMIN112,"13270"
NMNM211,"60790"
NBCM177,"11371"
NMAG261,"84568"
NMAG112,"11293"
NMMB206,"10899"
NMIN331,"12164"
NFUF304,"34165"
NOFY066,"12448"
NOFY066,"13582"
NOFY024,"25214"
NSWI177,"69479"
NSZZ502,"16457"
NPFL124,"11040"
NJAZ074,"11567"
NFPL217,"11536"
NMAI071,"71854"
NMAG211,"11469"
NDMI036,"12460"
NJAZ070,"11567"
NJAZ170,"78657"
NOFY089,"12988"
NPRG005,"12948"
NDMI055,"11358"
NMFM334,"11927"
NOFY017,"11570"
NBCM103,"11490"
NBCM103,"11979"
NPRG045,"94346"
NFUF503,"11075"
NMAG497,"96636"
NOFY018,"36435"
NPRG021,"10854"
NJAZ072,"64280"
NTMF102,"47215"
NTMF037,"49031"
NJAZ072,"48144"
NOFY130,"11513"
NMFM306,"94273"
NMMO463,"24235"
NOFY067,"12571"
NMAI059,"92597"
NAIL133,"11369"
NAIL133,"13860"
NTVY003,"11877"
NPRG045,"98090"
NAIL063,"11108"
NFUF833,"11570"
NMTD402,"11664"
NMTM204,"17787"
NOFY060,"11476"
NMUG204,"10728"
NOFY028,"21310"
NBCM067,"38575"
NMAG631,"39245"
NOFY074,"12621"
NOFY127,"13368"
NMSA262,"11576"
NMFP436,"75290"
NOOE011,"11397"
NOOE016,"12789"
NMAG112,"88412"
NEVF176,"65349"
NOOE016,"20021"
NOOE016,"38218"
NOOE038,"11510"
NOOE114,"11566"
NOOE116,"20021"
NOOE117,"11410"
NOOE125,"12246"
NOOE129,"11300"
NOPT034,"42629"
NPEP302,"83601"
NPEP902,"11550"
NTMF057,"11924"
NPFL119,"12484"
NPFL123,"27386"
NPRF039,"11592"
NPRG003,"59496"
NMMA402,"12972"
NMTM310,"10728"
NMTM310,"20791"
NSZZ501,"11765"
NPRG005,"14650"
NPRG045,"11581"
NPRG045,"59276"
NPRG045,"11275"
NPRG045,"12997"
NPRG045,"66889"
NPRG045,"11108"
NPRG045,"19864"
NPRG045,"11037"
NSWI177,"66262"
NSWI080,"12672"
NSWI170,"11278"
NTIN060,"11302"
NTIN071,"12442"
NTMF014,"11325"
NTMF024,"11527"
NTMF025,"11839"
NTMF034,"11143"
NTMF044,"11975"
NTMF111,"11483"
NTVY015,"11239"
NTVY015,"73760"
NTVY017,"73760"
NFOE013,"13298"
NUMV085,"11765"
NUMV090,"11558"
NUOS007,"12406"
NDMI013,"11108"
NMMO302,"12416"
NMEK412,"12098"
NMST412,"12631"
NOFY162,"13217"
NMSA600,"12338"
NMFP434,"11380"
NOFY152,"11494"
NPEP904,"11550"
NPGR038,"66999"
NOFY130,"11305"
NOFY130,"37329"
NMMO328,"12416"
NMMA102,"43666"
NSWI170,"13027"
NOFY018,"12437"
NBCM023,"11371"
NMMA534,"35909"
NCHF072,"12448"
NMAG336,"12130"
NTMF060,"12454"
NFUF903,"11728"
NFUF901,"11510"
NMTM410,"12731"
NDFY072,"11728"
NFPL307,"18085"
NDBI023,"11369"
NJAZ015,"48144"
NFOE012,"13298"
NFUF201,"13310"
NOFY010,"38575"
NJSF031,"49031"
NTIN060,"12705"
NPGR033,"67236"
NOFY024,"13269"
NJAZ176,"10853"
NMSA202,"35910"
NMAG206,"11465"
NMAG164,"86890"
NTIN060,"66661"
NPGR022,"44350"
NMFM309,"76143"
NAIL062,"16584"
NMMA201,"12306"
NCGD008,"66999"
NOFY161,"13217"
NJSF145,"24303"
NPRG030,"59496"
NPRG062,"80265"
NPRG045,"12755"
NPFL142,"11581"
NMAI057,"10752"
NMTP432,"35910"
NFPL124,"70426"
NFPL146,"11476"
NBCM094,"11371"
NBCM094,"11212"
NMAG458,"10831"
NMMA101,"12495"
NMNV565,"68974"
NCGD006,"93278"
NBCM204,"37919"
NMSA407,"11521"
NAIL062,"12755"
NMMB409,"91089"
NPRG045,"11040"
NJAZ091,"12390"
NJAZ091,"59412"
NFPL801,"63854"
NMTM110,"11765"
NEVF118,"11326"
NEVF118,"16837"
NEVF125,"11604"
NEVF129,"36435"
NEVF135,"13227"
NEVF141,"11793"
NEVF148,"12367"
NEVF160,"16837"
NEVF168,"19759"
NEVF171,"18016"
NEVF171,"36435"
NEVF506,"11793"
NEVF516,"12945"
NFOE016,"21310"
NFOE018,"12955"
NFOE018,"25101"
NFOE021,"25101"
NFPL006,"11635"
NPRG030,"80265"
NOFY021,"12836"
NOFY151,"87349"
NMMA454,"11583"
NFPL029,"11337"
NFPL049,"23022"
NFPL053,"37329"
NFPL056,"23022"
NFPL066,"11543"
NFPL096,"12478"
NFPL106,"10850"
NFPL107,"11337"
NFPL109,"11303"
NFPL118,"63854"
NFPL145,"17393"
NTIN060,"99426"
NFPL127,"63854"
NFPL140,"13439"
NPEP501,"82075"
NJSF047,"44458"
NJSF114,"12432"
NJSF129,"11923"
NFPL145,"11543"
NFPL145,"10864"
NFPL145,"24934"
NFPL145,"20375"
NFPL202,"14073"
NFPL203,"20043"
NFPL240,"22962"
NFPL242,"19757"
NFPL252,"11337"
NFPL300,"11064"
NMAG111,"38463"
NMEK613,"11784"
NMET001,"13359"
NMTP611,"11741"
NMAG111,"96455"
NFUF819,"11221"
NFUF821,"11846"
NGEO002,"12392"
NGEO080,"21970"
NGEO083,"11525"
NGEO095,"13396"
NGEO108,"12798"
NGEO114,"14047"
NJAZ039,"11412"
NOFY024,"11783"
NMMA205,"10954"
NJAZ097,"68968"
NJAZ097,"92813"
NMAG448,"11469"
NJSF026,"12374"
NJSF041,"11305"
NJSF091,"12347"
NJSF105,"11260"
NJSF110,"11825"
NJSF113,"11327"
NJSF115,"11498"
NBCM033,"11775"
NMMO212,"12850"
NMMO592,"13013"
NMNM336,"11500"
NMNV406,"73125"
NMAG401,"69570"
NMAG435,"12130"
NAIL099,"11023"
NMAG464,"12130"
NMAG477,"10899"
NMAI069,"11306"
NMEK521,"11518"
NMET073,"11174"
NMET073,"11482"
NMET078,"12089"
NMET079,"11160"
NMET524,"13360"
NJAZ170,"10853"
NOFY024,"11510"
NMET059,"11163"
NMET533,"38897"
NMFM601,"12098"
NJAZ174,"23675"
NMMA431,"11269"
NMMA455,"12357"
NMMA456,"11574"
NMMA458,"16543"
NMMA461,"10997"
NMMB335,"11842"
NMMO543,"52110"
NMNV403,"11852"
NMNV537,"11500"
NMNV623,"11638"
NSWI098,"11618"
NPRG056,"11288"
NMSA413,"11345"
NMAG538,"69570"
NFPL308,"18969"
NMST611,"11927"
NMTD205,"11494"
NPRG056,"66812"
NMTM511,"11664"
NMTM511,"17187"
NMTP537,"12226"
NMUG511,"10728"
NMUG511,"16457"
NMUG511,"20791"
NMET535,"13359"
NMAG305,"96366"
NMAF026,"10832"
NOFY031,"21455"
NOFY031,"19302"
NOFY055,"25262"
NOFY055,"11408"
NOFY056,"11400"
NOFY069,"11339"
NMMA343,"11769"
NOOE027,"12413"
NOOE034,"11629"
NOOE046,"13269"
NOOE061,"11421"
NOOE069,"11421"
NOOE073,"56376"
NOOE100,"11830"
NOOE114,"11616"
NOOE128,"15147"
NOOE132,"13269"
NPEP401,"11550"
NAFY106,"13635"
NAIL097,"59496"
NAIL104,"12755"
NPFL129,"22187"
NPGR001,"11578"
NPGR005,"16878"
NPGR021,"12324"
NPGR032,"30353"
NPRF051,"11592"
NMIN111,"70352"
NPRG045,"11622"
NPRG045,"14650"
NPRG045,"13270"
NPRG045,"37173"
NPRG045,"18696"
NPRG045,"10752"
NMFP432,"77664"
NBCM244,"13069"
NMMA101,"16478"
NAST013,"11445"
NAST013,"24188"
NAST015,"13307"
NAST037,"43478"
NAST041,"61561"
NBCM090,"11347"
NBCM095,"11490"
NBCM095,"11856"
NBCM095,"17393"
NBCM095,"71987"
NBCM105,"11856"
NPRG080,"11845"
NSWI015,"11207"
NSWI015,"13470"
NSWI142,"85803"
NSWI150,"11618"
NSWI150,"13027"
NSWI181,"12117"
NTIN022,"78699"
NTIN050,"11266"
NTIN055,"12439"
NTIN084,"11369"
NTIN087,"11845"
NTIN097,"11606"
NBCM141,"11012"
NBCM143,"11593"
NBCM146,"11510"
NPRG045,"65539"
NBCM172,"12628"
NBCM173,"13368"
NBCM175,"11441"
NBCM181,"63390"
NBCM184,"19204"
NBCM205,"11362"
NBCM213,"12939"
NBCM217,"11408"
NBCM217,"12404"
NBCM232,"12448"
NBCM234,"12591"
NCGD003,"13860"
NTMF021,"11527"
NTMF045,"11924"
NTMF075,"13289"
NTMF082,"47215"
NTVY006,"71059"
NTVY016,"11671"
NTVY016,"16590"
NUOS005,"12418"
NAFY001,"13298"
NMMB538,"12700"
NOFY151,"10978"
NDFY071,"11728"
NDGF015,"11861"
NDGF018,"11099"
NDGF028,"13396"
NDMI002,"42629"
NMAG112,"11563"
NDMI111,"13014"
NDMI117,"12117"
NOFY152,"12720"
NFPL120,"18084"
NFPL120,"37329"
NOFY056,"18359"
NOFY002,"18412"
NMEK531,"88966"
NEVF170,"19759"
NFPL064,"11536"
NMAI057,"12164"
NBCM039,"12388"
NAST035,"13307"
NBCM058,"11408"
NFPL080,"12836"
NMFP537,"11380"
NFPL112,"23022"
NDGF008,"11525"
NDGF013,"11099"
NDBI046,"44325"
NJAZ117,"12390"
NBCM127,"11775"
NBCM169,"11182"
NFPL151,"11337"
NMET005,"83195"
NFPL189,"11476"
NMMB453,"84568"
NMTD403,"10728"
NFUF206,"11977"
NFUF405,"25410"
NGEO072,"11861"
NDIN015,"12986"
NDMI012,"11286"
NFPL208,"14073"
NFPL209,"12965"
NMMA531,"11512"
NDMI002,"76957"
NFPL209,"33074"
NFPL250,"61976"
NMSA409,"67135"
NFPL311,"12706"
NMMB551,"12700"
NJAZ048,"53792"
NDMI096,"58941"
NDMI107,"70894"
NEVF105,"11604"
NBCM209,"16238"
NBCM209,"21455"
NBCM237,"12939"
NBCM348,"11441"
NMST545,"24142"
NEVF149,"17641"
NEVF161,"11793"
NEVF164,"17641"
NEVF166,"13116"
NEVF536,"12576"
NAFY029,"11616"
NAFY031,"11616"
NAFY078,"15502"
NCGD014,"40505"
NJAZ012,"58753"
NEVF536,"12610"
NFOE017,"13298"
NFPL023,"12704"
NAIL065,"11369"
NAIL070,"11622"
NAIL071,"11622"
NAIL077,"12948"
NAIL108,"11822"
NOFY142,"99198"
NOFY022,"11421"
NAIL119,"14650"
NAIL120,"11103"
NAST001,"13007"
NAST011,"11982"
NAST018,"24188"
NPEP403,"11811"
NMAG437,"12450"
NOFY066,"37329"
NMMB430,"12345"
NEVF518,"17641"
NAFY101,"11757"
NAFY101,"12939"
NAFY101,"25262"
NAFY101,"55328"
NMFM331,"28547"
NMMB206,"94292"
NMAG540,"39245"
NMTP434,"11345"
NMAG431,"11896"
NOFY066,"22962"
NOFY066,"18085"
NOFY082,"12437"
NMST424,"11521"
NAIL120,"97863"
NTMF091,"47215"
NPFL144,"23005"
NDMI066,"12486"
NOPT048,"11354"
NPRG038,"98059"
NTMF333,"11289"
NPRG038,"66262"
NSWI154,"12997"
NEVF504,"54528"
NPFL124,"12356"
NPFL124,"45589"
NMSA170,"13759"
NMSA603,"13759"
NJAZ115,"12390"
NDMI055,"12117"
NMAG206,"29697"
NBCM103,"11600"
NFPL311,"13582"
NAFF003,"16634"
NOFY081,"11325"
NOFY075,"13761"
NMAT362,"22975"
NOFY125,"12988"
NJAZ089,"88357"
NPEP903,"11811"
NOFY130,"42172"
NOFY130,"58133"
NAIL135,"12986"
NMST701,"12354"
NOFY067,"13298"
NOFY065,"14073"
NMMA301,"16478"
NMAG112,"96455"
NMAG450,"94557"
NEVF191,"61696"
NTVY003,"11077"
NTVY003,"11239"
NOPT021,"98099"
NFUF407,"12410"
NMTD108,"10728"
NMTD410,"10728"
NMTD410,"17187"
NMTM264,"17787"
NOFY066,"12706"
NMET015,"13359"
NMTP438,"13759"
NMUM312,"11765"
NMUM365,"11664"
NOFY127,"13761"
NOOE016,"11780"
NMAG446,"12463"
NMAG438,"12130"
NTMF063,"12454"
NTMF063,"47215"
NOOE016,"15502"
NOOE036,"11510"
NOOE070,"11629"
NOOE080,"25211"
NOOE107,"11830"
NOOE130,"29025"
NOOE134,"51768"
NOOE137,"13269"
NOOE138,"11360"
NOOE138,"12789"
NOPT008,"10945"
NOPT013,"12353"
NPEP603,"11028"
NPEP802,"11550"
NPFL087,"10876"
NCGD001,"40505"
NPFL134,"11581"
NPRF001,"12396"
NOFY057,"11854"
NMTM310,"17187"
NPRG025,"11822"
NPRG045,"11324"
NPRG045,"23005"
NPRG045,"10945"
NPRG045,"11369"
NPRG045,"78571"
NPRG045,"30353"
NPRG054,"11618"
NPRG082,"83183"
NSZZ010,"12690"
NTIN113,"32286"
NTMF028,"12223"
NTMF028,"75568"
NTVY015,"16590"
NMAI059,"16918"
NMAF038,"12450"
NFPL192,"11078"
NFPL192,"11276"
NFUF105,"11408"
NFUF105,"13298"
NFUF306,"11570"
NOPT059,"11103"
NEVF192,"61696"
NJAZ069,"12390"
NFUF103,"13298"
NMAG160,"99126"
NPRG083,"83183"
NEVF550,"12367"
NMMO568,"75779"
NOFY130,"33074"
NMSA202,"11576"
NBCM023,"12362"
NMMB534,"11572"
NMMA706,"16394"
NPFL140,"68158"
NFPL502,"34229"
NJAZ068,"11567"
NMMA564,"43666"
NDBI007,"74478"
NFPL122,"11536"
NFPL502,"11635"
NFOE012,"11780"
NMMA122,"12306"
NTIN111,"23828"
NMMA102,"79147"
NMMB210,"11572"
NMAI058,"11306"
NMST450,"11559"
NPGR038,"11324"
NDMI052,"11108"
NOFY141,"12720"
NFUF808,"11728"
NMFM309,"77193"
NMFP405,"12338"
NMAG212,"12428"
NMAG338,"21159"
NDMI002,"93290"
NMTM201,"12731"
NPRG062,"24426"
NTIN102,"12705"
NTIN102,"23828"
NMTM301,"11664"
NOFY088,"11408"
NMAG405,"94557"
NMMB413,"94374"
NPGR003,"81948"
NOFY003,"11143"
NFUF202,"11846"
NOFY021,"18084"
NPFL137,"13277"
NCHF073,"16238"
NDMI011,"92597"
NOFY076,"11862"
NAIL131,"91428"
NDBI049,"11789"
NDBI049,"24712"
NFPL124,"11620"
NFPL146,"11447"
NBCM094,"11441"
NFPL146,"11593"
NBCM094,"11780"
NMNM331,"14271"
NOFY076,"20429"
NBCM204,"10733"
NPFL100,"13437"
NMAI054,"11279"
NBCM160,"12955"
NTMF006,"11483"
NMNV451,"13003"
NFPL136,"18085"
NFPL183,"12284"
NJAZ176,"59412"
NMTM207,"12354"
NMAI069,"12193"
NMIN111,"11715"
NDMI002,"85645"
NEVF123,"12437"
NEVF135,"11320"
NEVF136,"11387"
NEVF141,"16837"
NEVF143,"12945"
NEVF144,"11431"
NEVF151,"12681"
NEVF160,"12437"
NEVF162,"17641"
NEVF171,"18635"
NEVF192,"12681"
NEVF502,"11607"
NEVF516,"17677"
NFOE016,"12628"
NFOE021,"12494"
NFPL004,"11304"
NMAI061,"11626"
NMAT100,"11668"
NSWI038,"11547"
NFPL038,"12679"
NFPL045,"11276"
NFPL045,"11323"
NFPL045,"11754"
NFPL056,"39246"
NFPL059,"12836"
NFPL061,"50966"
NFPL078,"11589"
NFPL079,"12492"
NFPL083,"37329"
NFPL145,"11387"
NFPL096,"33074"
NFPL101,"12477"
NFPL113,"23022"
NFPL113,"39246"
NFPL128,"11782"
NFPL140,"11589"
NFPL141,"34229"
NFPL144,"10850"
NPEP501,"11811"
NJSF130,"12379"
NJSF008,"70769"
NPRG062,"11037"
NJSF037,"12432"
NJSF111,"11220"
NJSF146,"11825"
NJSF150,"11305"
NJSF156,"12511"
NFPL145,"11438"
NFPL145,"57823"
NFPL158,"22962"
NFPL160,"11524"
NFPL171,"11335"
NFPL185,"12284"
NFPL186,"12284"
NFPL194,"12143"
NFPL196,"12143"
NFPL203,"24737"
NFPL252,"10864"
NMTP611,"12338"
NMET024,"13360"
NMAG211,"92814"
NPRG062,"13270"
NFPL800,"10733"
NFPL801,"18969"
NFUF101,"12410"
NFUF101,"13827"
NTIN104,"60792"
NFUF201,"11438"
NFUF303,"11221"
NTIN061,"12948"
NFUF813,"13827"
NGEO016,"11383"
NGEO017,"12798"
NGEO034,"12364"
NGEO101,"13396"
NJAZ013,"64280"
NJAZ043,"53792"
NJAZ047,"53792"
NJAZ049,"11412"
NOOE002,"13269"
NMAG365,"38463"
NJAZ078,"76387"
NJAZ083,"11412"
NJAZ110,"23675"
NJAZ199,"92813"
NJSF059,"11327"
NJSF082,"11825"
NJSF138,"11453"
NJSF151,"11305"
NJSF164,"12916"
NJSF195,"12541"
NJSF197,"11084"
NLTM014,"11372"
NMAG465,"56084"
NMAG481,"12428"
NMMO403,"11563"
NMNM338,"11502"
NCGD005,"33844"
NMAG409,"67053"
NMAG411,"67053"
NMAG563,"39245"
NMAG569,"23705"
NMEK521,"12098"
NDMI106,"31372"
NMET066,"13360"
NMET514,"13360"
NMET518,"13360"
NMET524,"12089"
NMET524,"13359"
NMET524,"29846"
NMET528,"29846"
NJAZ074,"59412"
NMET531,"12089"
NFUF203,"11408"
NMEK605,"12263"
NMET002,"12811"
NMET020,"11482"
NMET031,"12089"
NMET034,"80493"
NMET509,"11599"
NMET530,"12089"
NMET536,"29846"
NMFM308,"24327"
NMMA164,"16543"
NMMA469,"66148"
NMMB333,"59334"
NMMB335,"64736"
NMMO561,"11336"
NMMO592,"89865"
NMMO599,"12850"
NJAZ201,"22464"
NMMA205,"12090"
NJSF194,"11327"
NPFL083,"11759"
NMTM101,"83601"
NMTM105,"17787"
NMTM161,"10728"
NMTM203,"17787"
NMTM403,"11914"
NMTM503,"12731"
NMTP533,"12338"
NODV001,"78680"
NOFY003,"11339"
NMAI042,"62138"
NTVY019,"70151"
NTVY019,"78660"
NMFM438,"12382"
NMMB413,"12345"
NOFY064,"11591"
NMMA492,"16543"
NMMB212,"22913"
NOOE010,"12413"
NOOE026,"20021"
NOOE046,"11616"
NOOE046,"12438"
NOOE071,"11629"
NOOE128,"11300"
NOPT018,"11291"
NMAI059,"93290"
NPFL067,"12975"
NPFL099,"27386"
NMAI059,"82769"
NPFL118,"15807"
NAFY010,"21310"
NAFY084,"18084"
NAFY084,"33074"
NAFY084,"12591"
NAIL087,"68160"
NPRG058,"10963"
NPFL132,"12964"
NPGR025,"16878"
NPRF006,"11621"
NPRG036,"19441"
NPRG045,"32039"
NPRG045,"11105"
NPRG045,"23828"
NPRG045,"83158"
NPRG045,"75243"
NPRG045,"24712"
NPRG045,"10732"
NDMI011,"82769"
NMMA101,"19716"
NAIL132,"13860"
NAST021,"13184"
NBCM014,"11979"
NBCM041,"12411"
NBCM062,"11838"
NBCM071,"11783"
NMMB333,"11554"
NPRG071,"13027"
NSWI072,"11845"
NSWI121,"10938"
NSWI133,"12997"
NSWI141,"13270"
NTIN004,"11606"
NTIN023,"12418"
NTIN090,"11302"
NTIN112,"67884"
NMFP409,"11380"
NMIN105,"12406"
NTIN061,"66661"
NBCM135,"11184"
NBCM137,"15013"
NBCM145,"11510"
NBCM200,"12939"
NBCM211,"11779"
NBCM217,"11276"
NBCM222,"11724"
NBCM305,"10805"
NBCM323,"11304"
NBCM330,"60136"
NBCM351,"13761"
NDBI021,"30014"
NDBI025,"12471"
NTMF020,"12921"
NTMF030,"13996"
NTMF043,"11698"
NTMF061,"11924"
NTMF107,"11325"
NTVY006,"11152"
NTVY006,"11877"
NTVY006,"16590"
NTVY014,"78660"
NMAI062,"96433"
NMMA205,"35909"
NDBI031,"11023"
NDBI051,"12579"
NDFY064,"13827"
NDGF008,"11225"
NDGF021,"11090"
NDGF030,"11271"
NDIN008,"11433"
NMAF062,"13217"
NMAG112,"91937"
NDMI098,"37173"
NDMI108,"78699"
NEVF106,"12945"
NEVF106,"11066"
NEVF114,"11471"
NBCM178,"11438"
NFPL120,"11524"
NFPL120,"39246"
NPRG045,"10854"
NMSA211,"89594"
NMAG111,"11293"
NFPL115,"12706"
NAIL130,"74192"
NMAG111,"93101"
NDMI002,"96681"
NAST030,"11492"
NMMA403,"12357"
NBCM026,"11600"
NAST035,"11144"
NBCM011,"12362"
NBCM017,"11371"
NBCM038,"12404"
NFPL067,"11543"
NFPL076,"12853"
NBCM100,"25101"
NBCM106,"11856"
NBCM107,"13179"
NDBI007,"11272"
NPRG045,"11286"
NMET034,"41772"
NJAZ118,"11567"
NOPT021,"42031"
NOFY029,"11859"
NBCM121,"12388"
NBCM127,"11600"
NBCM129,"11490"
NBCM140,"17076"
NBCM156,"11168"
NBCM159,"12628"
NFPL151,"11524"
NFPL151,"11543"
NFPL178,"11476"
NFPL189,"11757"
NFPL190,"12478"
NFPL802,"18969"
NFPL802,"63854"
NFUF206,"11591"
NFUF811,"12310"
NFUF817,"11221"
NFUF835,"32288"
NGEO022,"11592"
NGEO089,"11099"
NMSA413,"11888"
NFPL197,"13439"
NSWI130,"44325"
NPRG013,"11288"
NFPL215,"11438"
NFPL308,"18084"
NGEO111,"43439"
NMSA405,"24327"
NMSA601,"11576"
NDMI096,"10945"
NDMI109,"78699"
NEVF103,"11471"
NEVF104,"12367"
NEVF116,"11793"
NOFY024,"11078"
NBCM229,"12404"
NBCM237,"12591"
NEVF120,"11607"
NEVF127,"13116"
NEVF130,"16837"
NEVF154,"12681"
NEVF172,"42172"
NEVF508,"12681"
NEVF532,"11564"
NMAG111,"11563"
NAFY019,"11524"
NAFY038,"11348"
NAFY085,"11476"
NDMI010,"12406"
NEVF555,"11706"
NEVF555,"12681"
NFOE017,"13310"
NFOE017,"25101"
NFPL012,"11337"
NFPL023,"11426"
NFPL023,"11779"
NMSA409,"11521"
NAIL052,"59276"
NAIL079,"12948"
NAIL086,"14650"
NAIL093,"12986"
NAIL094,"11302"
NAIL119,"82351"
NAST018,"13307"
NJAZ090,"58753"
NJAZ172,"10853"
NOFY152,"10978"
NTMF058,"11924"
NPFL120,"27504"
NSWI158,"93278"
NAFY101,"17076"
NBCM103,"71987"
NSCI004,"13996"
NJAZ074,"48144"
NOFY016,"11570"
NDMI050,"82769"
NBCM177,"12955"
NPRG031,"11324"
NMAG160,"78034"
NTMF091,"11483"
NTMF091,"60809"
NTMF091,"56845"
NSWI143,"12087"
NSWI177,"94223"
NMAI071,"11098"
NSZZ502,"17787"
NAFY103,"14073"
NMAI058,"11291"
NOFY018,"11066"
NPRG042,"10963"
NFPL141,"11323"
NJAZ115,"22464"
NMAI054,"11105"
NMMA102,"12972"
NFUF503,"11034"
NMET009,"12089"
NTMF102,"49031"
NMTD104,"11329"
NJAZ089,"23675"
NJAZ090,"88357"
NOFY130,"12837"
NOFY130,"17393"
NOFY130,"52500"
NMFM202,"12354"
NFOE026,"13298"
NOFY062,"10733"
NMET025,"38897"
NTVY003,"78660"
NTVY003,"70151"
NMAG436,"12129"
NMMB568,"12526"
NMTD206,"11494"
NMTD410,"16457"
NMTM162,"20791"
NMNM201,"97188"
NPRG005,"64406"
NOFY066,"11513"
NLTM001,"11372"
NMUG404,"11664"
NMUG410,"17187"
NOFY054,"12494"
NOFY068,"12571"
NOOE082,"38218"
NOOE120,"11360"
NOOE300,"20021"
NOPT034,"13014"
NPFL079,"12964"
NPFL141,"11597"
NPGR020,"12324"
NPGR029,"11443"
NPOZ008,"12454"
NFPL218,"12704"
NMTM310,"12731"
NPRG005,"11037"
NPRG045,"15807"
NPRG045,"68318"
NPRG045,"27386"
NPRG045,"16878"
NPRG045,"80619"
NPRG045,"66262"
NJSF105,"12427"
NTIN066,"23828"
NFUF501,"13007"
NPRG069,"11324"
NPRG076,"22315"
NPRG079,"11581"
NSWI026,"16560"
NSWI145,"19441"
NSWI166,"30014"
NSWI180,"11822"
NSZZ010,"12947"
NOFY152,"92814"
NTIN094,"11302"
NTIN107,"12439"
NTMF068,"11975"
NTMF120,"18859"
NTVY015,"11077"
NTVY015,"11877"
NTVY015,"78660"
NDZK001,"11567"
NUFY068,"12955"
NUFY129,"12571"
NFUF103,"11075"
NOFY066,"12143"
NOFY066,"24737"
NAFY002,"13310"
NMEK436,"89594"
NJAZ069,"11567"
NSWI170,"74478"
NPRG083,"96460"
NPRG083,"98401"
NOFY130,"12988"
NMMA363,"16543"
NMMO328,"66260"
NFOE021,"12955"
NPFL140,"27386"
NDMI022,"11306"
NOFY066,"18084"
NMTM410,"11664"
NMTM410,"11765"
NMTM410,"16457"
NMTM410,"17187"
NMTM410,"20791"
NFUF818,"11550"
NFUF818,"11728"
NBCM088,"11490"
NMST414,"12382"
NDMI074,"71311"
NMTD204,"20791"
NMMA336,"79286"
NOFY010,"12413"
NMAG206,"69482"
NFPL219,"12704"
NMSA332,"69076"
NMMB210,"11180"
NOFY028,"36435"
NMMB460,"17391"
NPEP601,"11028"
NMTD503,"12324"
NTIN102,"13014"
NFPL135,"23022"
NDMI002,"83709"
NPRG013,"10854"
NOFY151,"86901"
NMTD501,"17187"
NTIN022,"76957"
NBCM179,"11582"
NMAG263,"12490"
NCHF073,"47197"
NPRG062,"11369"
NEVF505,"13377"
NMAI057,"68975"
NMAG337,"11896"
NCGD006,"96399"
NPFL100,"11275"
NBCM160,"11304"
NMFP505,"28547"
NMAI062,"12345"
NMAG565,"12673"
NFPL136,"39246"
NFPL310,"18385"
NBCM029,"47197"
NTIN110,"12406"
NTIN110,"69479"
NJAZ091,"11567"
NJAZ091,"48144"
NMTD401,"12324"
NMAG455,"75932"
NMIN111,"12406"
NMIN105,"96682"
NEVF117,"11747"
NEVF122,"13377"
NEVF129,"42172"
NEVF163,"11066"
NEVF173,"13760"
NEVF501,"11326"
NEVF534,"12111"
NEVF535,"45614"
NFPL013,"12837"
NMEK606,"11345"
NMET050,"10832"
NMET062,"13635"
NDMI002,"78034"
NJAZ200,"92813"
NFPL027,"63854"
NFPL045,"11362"
NFPL072,"11323"
NFPL079,"12706"
NFPL082,"12415"
NFPL082,"12853"
NFPL145,"11337"
NFPL145,"07980"
NFPL133,"11543"
NJSF006,"12374"
NOFY029,"72661"
NJSF030,"11220"
NDMI011,"11105"
NJSF083,"11825"
NJSF084,"11825"
NJSF109,"12481"
NJSF126,"11825"
NJSF136,"11453"
NJSF150,"25410"
NFPL145,"12284"
NFUF902,"11570"
NFPL155,"11337"
NFPL155,"11543"
NFPL177,"11335"
NFPL182,"11303"
NFPL182,"13269"
NFPL184,"11078"
NFPL184,"11438"
NFPL186,"11892"
NFPL201,"11076"
NFPL210,"20043"
NFPL216,"29535"
NFPL244,"11635"
NMET003,"13359"
NFPL801,"12939"
NFPL801,"14073"
NFUF401,"11849"
NFUF502,"11728"
NFUF803,"12410"
NMAG334,"37386"
NFUF828,"12310"
NGEO069,"43439"
NGEO082,"12364"
NCHF071,"18969"
NOFY024,"13582"
NSWI106,"71311"
NSWI106,"94223"
NOFY141,"11469"
NMTD101,"20791"
NJSF070,"11498"
NJSF071,"17328"
NJSF101,"11498"
NJSF107,"11305"
NJSF148,"11327"
NJSF196,"12432"
NMAG532,"67053"
NMAG339,"12673"
NMAG339,"11896"
NDMI092,"78699"
NMMO404,"11259"
NMMO404,"13217"
NMMO564,"12416"
NMMO566,"34077"
NMNV404,"11852"
NMNV436,"11502"
NMAG471,"37386"
NMAG581,"65702"
NMAI055,"11774"
NMAI060,"11626"
NMET073,"12089"
NMET067,"38897"
NMET508,"12811"
NMET534,"11160"
NMET074,"11599"
NMET525,"13360"
NMET532,"13360"
NMET536,"41772"
NMFM205,"12382"
NMIN105,"69482"
NMMA164,"22975"
NMMA456,"12357"
NMMA498,"94516"
NMMA563,"43666"
NMMA579,"11664"
NMMB331,"50002"
NMMB452,"50002"
NMMO592,"16394"
NMMO599,"89529"
NMNV463,"12416"
NMNV503,"13003"
NMNV533,"13056"
NMNV539,"73125"
NMNV543,"14271"
NMNV561,"12524"
NJSF180,"11327"
NLTM015,"11372"
NMST511,"11576"
NMTD201,"10728"
NMTM511,"10728"
NMTM511,"12947"
NPRG030,"12406"
NMUG405,"16457"
NMUG511,"11765"
NMUG511,"17187"
NTVY019,"73760"
NTVY019,"11077"
NTVY019,"11877"
NMFM602,"11380"
NMAI055,"43666"
NOFY031,"16238"
NOFY056,"11066"
NOFY059,"11408"
NOFY064,"11348"
NMMA461,"12495"
NOFY151,"62293"
NMMA161,"35909"
NMMB334,"12698"
NOFY178,"13360"
NOOE033,"11830"
NOOE121,"11360"
NOOE127,"15147"
NOOE135,"11300"
NPEP801,"11550"
NPFL004,"11601"
NPFL118,"27504"
NAFY079,"11370"
NAFY084,"11543"
NAFY084,"12284"
NAFY103,"11783"
NAIL004,"11622"
NAIL028,"11822"
NAIL112,"21467"
NPFL129,"74634"
NPRG037,"11822"
NPRG045,"11328"
NPRG045,"11291"
NPRG045,"12356"
NPRG045,"27504"
NPRG045,"33844"
NMFP532,"11380"
NMIB010,"11615"
NAST005,"11393"
NAST017,"69472"
NAST020,"11982"
NAST026,"11445"
NAST110,"13184"
NBCM008,"22361"
NBCM008,"37018"
NBCM010,"11979"
NBCM051,"10823"
NBCM051,"50728"
NBCM066,"12167"
NBCM086,"11600"
NBCM095,"11441"
NBCM102,"11775"
NSWI035,"13027"
NSWI101,"11288"
NSWI141,"12694"
NSWI142,"44325"
NSWI142,"66889"
NSWI164,"83603"
NSWI200,"12672"
NSWI201,"12657"
NSWI202,"13027"
NTIN046,"11328"
NTIN108,"12439"
NTMF002,"11304"
NOFY087,"17393"
NBCM108,"11600"
NBCM124,"11856"
NBCM228,"12404"
NBCM321,"11621"
NBCM323,"12411"
NBCM323,"38575"
NBCM347,"63390"
NCGD003,"54720"
NTMF031,"11003"
NTMF059,"18412"
NTVY006,"78660"
NTVY016,"11877"
NFUF816,"11075"
NDBI034,"10885"
NDBI044,"12657"
NDBI048,"11272"
NDIN009,"11433"
NDMI084,"11354"
NEVF114,"11066"
NAFY105,"13359"
NFPL220,"11078"
NBCM178,"11582"
NOFY021,"47197"
NFPL120,"32594"
NMTD405,"16457"
NMIN111,"13466"
NEVF169,"16837"
NFPL115,"13582"
NAIL130,"46512"
NMST539,"68435"
NDMI002,"11279"
NFPL028,"76971"
NCHF073,"89042"
NFPL064,"13310"
NBCM017,"11620"
NBCM082,"17076"
NMMA401,"12972"
NFPL097,"12704"
NFPL099,"11476"
NBCM096,"25211"
NJAZ170,"48144"
NDBI013,"12471"
NJAZ080,"76387"
NPRG045,"45589"
NBCM128,"11490"
NBCM149,"64438"
NFPL149,"11337"
NMMB453,"85949"
NPEP301,"11811"
NFPL802,"12939"
NFUF106,"13827"
NFUF405,"19736"
NFUF406,"10973"
NFUF826,"11075"
NFUF834,"11849"
NGEO057,"11525"
NMFP463,"21831"
NMEK531,"12098"
NOFY021,"37329"
NMMB309,"16395"
NMMA531,"12416"
NMSA600,"68435"
NFPL214,"12704"
NFPL306,"23022"
NMFM204,"89594"
NFPL311,"18385"
NFPL311,"61730"
NMIN111,"18359"
NJAZ052,"11412"
NDMI074,"12406"
NDMI056,"10945"
NDMI110,"10945"
NEVF100,"11431"
NEVF100,"12437"
NEVF103,"11066"
NEVF109,"11387"
NEVF109,"11471"
NBCM182,"12494"
NBCM230,"11593"
NBCM349,"13733"
NEVF120,"17641"
NEVF149,"11607"
NEVF165,"11793"
NOPT060,"10752"
NEVF177,"17642"
NEVF533,"11543"
NAFY019,"18969"
NAFY070,"11387"
NAFY080,"13179"
NAFY085,"11408"
NAIL107,"11369"
NFOE017,"25006"
NFPL017,"12448"
NFPL030,"12988"
NFPL040,"12988"
NFPL064,"11064"
NAFY107,"13360"
NAFY108,"12089"
NAIL013,"11369"
NAIL052,"11622"
NAIL086,"11309"
NAIL110,"12248"
NAIL120,"11622"
NAIL125,"11328"
NAST018,"11486"
NOPT048,"37173"
NTIN060,"12948"
NOFY066,"16400"
NPFL120,"10876"
NSWI132,"12997"
NEVF122,"17641"
NAIL120,"59276"
NMIN112,"12406"
NPRG005,"95261"
NFPL312,"11349"
NBCM177,"11775"
NOFY078,"13360"
NMST412,"13578"
NTIN060,"65641"
NMAT362,"12129"
NAFY079,"14070"
NMAG403,"11406"
NPRG045,"11309"
NPGR035,"98090"
NPRG043,"12087"
NMMA342,"22975"
NSZZ502,"17187"
NPFL038,"12964"
NMAI076,"65702"
NDIN019,"11433"
NPFL124,"10876"
NFPL217,"14073"
NFPL217,"11064"
NPFL139,"10875"
NMAG442,"10831"
NMMA341,"11772"
NTMF008,"11289"
NSWI170,"24712"
NFPL088,"11635"
NDMI052,"11105"
NOFY152,"96507"
NBCM103,"11856"
NPRG065,"12088"
NOFY142,"12720"
NMAT362,"11888"
NCHF074,"20678"
NPEP903,"82075"
NOFY130,"11536"
NOFY130,"18084"
NOFY130,"25410"
NOFY130,"11729"
NOFY130,"12374"
NMAI054,"11310"
NMFM306,"62004"
NMFM306,"80438"
NPRG031,"64406"
NOFY065,"11591"
NOFY022,"13298"
NMMA301,"22975"
NMAI054,"11306"
NAIL133,"93461"
NOPT046,"42629"
NMMB440,"11050"
NPRG045,"11845"
NSWI200,"91873"
NMST414,"23985"
NMAI054,"79289"
NMTM106,"16457"
NMTM206,"17787"
NMTP604,"12338"
NMUG410,"20791"
NOFY028,"11410"
NOFY034,"12704"
NOFY127,"25006"
NMFP436,"24130"
NOOE012,"11620"
NOOE016,"11370"
NOOE016,"11616"
NOOE016,"12141"
NFPL087,"76971"
NOOE016,"21425"
NOOE300,"11775"
NOPT048,"42629"
NOPT060,"88594"
NPEP604,"74424"
NOFY126,"13584"
NPFL082,"12725"
NPFL133,"12484"
NPGR004,"11804"
NPGR013,"11831"
NPGR013,"12247"
NPGR022,"80389"
NPGR024,"16878"
NJAZ070,"12390"
NJAZ075,"23675"
NMTM310,"16457"
NPRG031,"11037"
NPRG024,"13027"
NPRG045,"10885"
NPRG045,"12948"
NJAZ202,"22464"
NPRG045,"22167"
NPRG045,"13461"
NPRG045,"13240"
NPRG045,"12657"
NPRG066,"13470"
NPRG071,"11310"
NSWI041,"10938"
NSWI161,"13469"
NBCM243,"21455"
NTIN032,"12418"
NTIN080,"11791"
NTIN088,"12441"
NTIN092,"11103"
NTMF024,"11924"
NTMF035,"11003"
NTMF081,"47529"
NTVY015,"11152"
NTVY017,"11077"
NTVY017,"70151"
NDZK001,"23675"
NDZK001,"22464"
NDMI051,"65641"
NDMI051,"88412"
NAFY001,"29535"
NUIN022,"11306"
NMTP569,"11180"
NMAI058,"44027"
NFPL028,"12798"
NOFY028,"10863"
NOFY126,"18412"
NMIN264,"11664"
NMIN112,"11573"
NPRG021,"11288"
NFPL188,"10864"
NMMA406,"12495"
NOOE003,"11616"
NOFY130,"60171"
NMMO328,"11112"
NPRG045,"11067"
NOFY142,"37386"
NFPL139,"56846"
NJAZ040,"11412"
NMAI056,"12944"
NPFL140,"22187"
NPFL140,"65539"
NFPL309,"13298"
NTMF043,"11854"
NOFY079,"20429"
NMAG466,"12130"
NCHF074,"12435"
NMAG475,"86909"
NMAG475,"86890"
NFUF901,"11513"
NMIN112,"70352"
NMFM332,"24327"
NOFY028,"12789"
NDMI093,"12406"
NOFY021,"12448"
NOFY021,"13298"
NFPL219,"12478"
NFPL199,"12837"
NOFY028,"11706"
NPGR022,"12247"
NPEP602,"74424"
NMFM301,"12632"
NTIN066,"71854"
NPRG015,"11286"
NCGD015,"92741"
NPRG041,"13027"
NDMI002,"90389"
NMAI057,"96761"
NMSA431,"12098"
NMSA431,"68435"
NMTM101,"11914"
NOFY161,"12850"
NBCM012,"11979"
NBCM179,"11490"
NPRG030,"11282"
NOFY028,"12437"
NOFY028,"38575"
NMMA221,"22975"
NMFP503,"11380"
NPRG045,"93007"
NMST605,"11784"
NAIL131,"33844"
NMST431,"12631"
NMAI058,"12193"
NOPT053,"11291"
NOPT053,"10945"
NPFL146,"13277"
NMAI054,"12193"
NFPL124,"11337"
NFPL146,"10725"
NFPL146,"11454"
NFPL146,"11543"
NBCM094,"11621"
NBCM094,"11168"
NMAG454,"23705"
NMAG458,"11465"
NMMA201,"43666"
NFPL211,"39246"
NOFY071,"11300"
NPFL100,"11010"
NBCM233,"12591"
NPRG030,"65461"
NOOE005,"14070"
NPRG045,"93278"
NCGD010,"40505"
NMMB621,"50002"
NJAZ091,"64280"
NJAZ091,"88357"
NPFL112,"13277"
NDMI118,"82351"
NMTP521,"10935"
NPRG013,"17077"
NEVF115,"11431"
NEVF126,"11604"
NEVF144,"12437"
NEVF146,"12800"
NEVF173,"11320"
NEVF173,"25601"
NEVF191,"12681"
NEVF192,"11706"
NEVF526,"11564"
NEVF535,"11064"
NFOE018,"25006"
NFOE021,"21310"
NFOE024,"12494"
NFPL018,"11426"
NDMI084,"93912"
NMEK603,"11345"
NMET035,"12089"
NPRG041,"24712"
NAIL062,"14650"
NMSA333,"10730"
NFPL045,"12687"
NFPL066,"11337"
NFPL079,"18385"
NFPL093,"11078"
NFPL098,"11078"
NFPL103,"12704"
NFPL145,"11926"
NFPL145,"33074"
NFPL132,"11323"
NFPL132,"11447"
NJSF006,"11305"
NJSF123,"11825"
NJSF152,"11498"
NFUF832,"34165"
NFPL156,"10863"
NFPL175,"11438"
NFPL204,"12478"
NFPL306,"18969"
NMNV412,"25061"
NFUF301,"11727"
NFUF801,"11570"
NFUF801,"11849"
NFUF804,"13827"
NFUF813,"11570"
NMAG262,"11769"
NFUF820,"12310"
NMAG335,"12428"
NGEO101,"12798"
NGEO102,"13396"
NCHF071,"12416"
NCHF071,"75779"
NOOE002,"11830"
NOFY024,"11977"
NOFY024,"11524"
NAIL126,"97863"
NJAZ092,"11567"
NJAZ104,"76387"
NMAG452,"11469"
NJSF132,"12432"
NJSF134,"11453"
NJSF139,"37918"
NJSF145,"11825"
NJSF148,"12541"
NJSF193,"11727"
NMIN111,"11329"
NMAG111,"94292"
NMAG534,"12450"
NMMO302,"89529"
NMMO564,"66260"
NMAG444,"11572"
NMAG469,"56084"
NMAG533,"12450"
NMAI065,"11774"
NDMI106,"11406"
NMET072,"12089"
NMET079,"11174"
NMET514,"12089"
NMET517,"11770"
NMET529,"12960"
NOFY024,"17393"
NFUF203,"12706"
NMET020,"12089"
NMET031,"12634"
NMET068,"11160"
NMET074,"13359"
NMET520,"12258"
NMET525,"13635"
NMET527,"13359"
NMET532,"12811"
NMET533,"12089"
NMET536,"11160"
NMFM101,"12354"
NMFP531,"24327"
NMIN203,"11664"
NMTP578,"10935"
NMMA455,"12360"
NMMA456,"12360"
NMMA461,"11336"
NMMB409,"65702"
NMMB473,"10895"
NMMO535,"11259"
NMNM201,"20877"
NMNV463,"12850"
NMNV623,"46879"
NMET021,"11599"
NJSF192,"11305"
NMSA331,"12631"
NMSA409,"13759"
NFPL308,"12836"
NMTD511,"10728"
NMTD511,"20791"
NMTM262,"12731"
NMTM305,"17787"
NMTM505,"12720"
NMTM511,"17787"
NMTM511,"20791"
NMTP535,"11769"
NMTP543,"11741"
NTVY019,"71059"
NTVY019,"11152"
NTVY019,"16590"
NMFM260,"76132"
NMAF026,"41772"
NOFY031,"16400"
NOFY036,"11605"
NOFY077,"13359"
NMSA211,"11576"
NMMB212,"64736"
NMMA101,"43666"
NOFY029,"20679"
NOOE046,"20021"
NOOE068,"11629"
NOPT018,"12426"
NMAI056,"12486"
NPFL004,"11010"
NPFL063,"11597"
NPFL070,"11275"
NPFL073,"11310"
NPFL094,"12356"
NPFL095,"15807"
NMMA301,"12970"
NAFY037,"17393"
NAFY084,"17393"
NAFY103,"11591"
NAIL002,"11369"
NAIL073,"11822"
NAIL116,"11369"
NAIL128,"68160"
NPGR035,"62433"
NPGR037,"62433"
NPGR041,"62433"
NPRF005,"63390"
NMTM203,"10728"
NPRG045,"62433"
NPRG045,"12406"
NPRG045,"12087"
NPRG045,"12471"
NPRG045,"11288"
NPRG045,"54720"
NPRG045,"44325"
NPRG062,"11845"
NMFP409,"85804"
NAST004,"12148"
NAST010,"13184"
NAST017,"11486"
NAST017,"24188"
NAST039,"13184"
NAST040,"43478"
NBCM014,"11212"
NBCM027,"12621"
NBCM059,"11347"
NBCM070,"24235"
NBCM071,"11348"
NBCM076,"13000"
NBCM095,"11168"
NBCM095,"12628"
NPRG062,"11329"
NPRG070,"10854"
NPRG078,"11845"
NSWI089,"11615"
NSWI142,"65502"
NSWI183,"11288"
NTIN043,"12997"
NTIN046,"11369"
NTIN070,"12418"
NTIN061,"32286"
NTIN061,"23828"
NBCM044,"11600"
NBCM044,"11410"
NBCM120,"11410"
NBCM223,"11593"
NBCM324,"11304"
NBCM324,"12955"
NTMF022,"11825"
NTMF036,"12454"
NTMF101,"12921"
NTVY006,"11671"
NTVY014,"11152"
NTVY014,"11877"
NTVY014,"70151"
NTVY014,"71059"
NTVY016,"11239"
NUOS005,"12406"
NAFY001,"24737"
NMAI040,"12486"
NDFY081,"11550"
NDGF010,"12364"
NDGF022,"11525"
NBCM241,"25006"
NDMI009,"11108"
NDMI084,"13014"
NDMI089,"11306"
NDMI111,"12426"
NDMI111,"42629"
NMMA457,"11491"
NMMA454,"92037"
NFPL220,"12435"
NBCM178,"29535"
NFPL120,"13582"
NOFY021,"23022"
NPRG075,"18696"
NEVF167,"18016"
NAIL056,"13176"
NPRG062,"11324"
NBCM026,"11490"
NBCM038,"13034"
NBCM046,"12494"
NBCM060,"12939"
NBCM087,"11600"
NBCM352,"16238"
NFPL073,"10725"
NFPL112,"18969"
NDGF025,"46292"
NMAG576,"21159"
NJAZ074,"88357"
NDBI023,"11328"
NDBI038,"10885"
NAIL111,"11372"
NMAG470,"10899"
NMET034,"38897"
NJAZ098,"92813"
NJAZ116,"12390"
NMSA260,"13759"
NPRG045,"11618"
NBCM130,"11490"
NBCM134,"66031"
NBCM170,"11182"
NFPL151,"11408"
NFPL169,"12435"
NDGF025,"11592"
NMMB453,"12463"
NMTP532,"11741"
NPEP301,"82075"
NFPL802,"14073"
NFPL806,"50966"
NFUF103,"11757"
NFUF106,"11034"
NFUF205,"13827"
NFUF406,"14077"
NFUF806,"12410"
NFUF822,"12310"
NFUF822,"14077"
NGEO011,"11790"
NGEO074,"12364"
NMFP533,"28547"
NFPL208,"24737"
NFPL212,"39246"
NFPL305,"11447"
NFPL307,"18084"
NFPL308,"11589"
NGEO107,"20575"
NGEO112,"12392"
NMFP405,"35910"
NMSA601,"68435"
NJAZ046,"53792"
NDMI077,"12164"
NEVF067,"11621"
NEVF104,"12681"
NBCM344,"11600"
NEVF119,"19759"
NEVF127,"11320"
NEVF130,"17641"
NEVF140,"13116"
NEVF145,"61696"
NEVF153,"11464"
NEVF154,"12367"
NFUF102,"12571"
NAFY019,"11543"
NAFY023,"11454"
NAFY026,"13269"
NAFY070,"11496"
NFOE022,"12494"
NFPL039,"11798"
NFPL044,"12143"
NAIL061,"11822"
NAIL074,"11822"
NAIL088,"68160"
NAIL106,"11309"
NAST002,"24188"
NJAZ073,"78657"
NJAZ073,"88357"
NJAZ172,"23675"
NJAZ176,"23675"
NMAG566,"67053"
NTIN060,"59276"
NOFY018,"17677"
NTMF064,"11924"
NPRG045,"80246"
NEVF518,"11793"
NAFY101,"70426"
NSCI020,"11924"
NMNV568,"62138"
NMIN112,"11329"
NJAZ170,"59412"
NMAG261,"86910"
NJAZ172,"78657"
NJAZ172,"59412"
NDMI100,"12406"
NPRG031,"24426"
NFUF304,"11846"
NMAG456,"75932"
NMMA122,"11772"
NMTP567,"11741"
NGEO106,"46292"
NPRG045,"11302"
NTMF333,"37918"
NMAI071,"11279"
NMAI071,"10734"
NSZZ502,"12731"
NSZZ502,"11664"
NAFY103,"11320"
NAST035,"11486"
NTMF008,"11332"
NFPL055,"11447"
NMSA601,"12338"
NDMI052,"11406"
NMFP534,"28547"
NOFY070,"13584"
NMTD404,"16457"
NMIN112,"11715"
NSWI177,"83603"
NAIL134,"11845"
NAIL134,"64406"
NAIL134,"93278"
NOFY152,"62293"
NOFY127,"12621"
NTMF100,"13996"
NOFY018,"12945"
NOFY130,"11212"
NOFY130,"11168"
NOFY130,"11370"
NOFY130,"11841"
NOFY130,"22962"
NMAT057,"16543"
NPRG045,"12117"
NTMF222,"43791"
NFUF402,"11570"
NFUF402,"12410"
NAIL121,"12755"
NMET025,"41772"
NOPT046,"12426"
NTVY003,"16590"
NTVY003,"11152"
NMAG111,"82230"
NSWI200,"32039"
NBCM067,"11304"
NFPL063,"11854"
NMAG111,"91937"
NMSA334,"13578"
NMTM104,"20791"
NMTD410,"20791"
NMTM162,"10728"
NMTM406,"83601"
NMUG202,"17187"
NMUG406,"11097"
NOFY028,"11793"
NOFY048,"11289"
NSZZ501,"16457"
NOFY083,"11793"
NOFY127,"25101"
NOOE001,"11300"
NOOE008,"11300"
NEVF176,"79994"
NOOE028,"11421"
NOOE072,"11629"
NOOE081,"13269"
NOOE219,"38575"
NOOE300,"25101"
NPEP302,"11765"
NOFY126,"12454"
NPFL082,"11601"
NPFL093,"12442"
NPFL145,"23005"
NPGR022,"30353"
NFPL218,"25262"
NSZZ501,"11664"
NMTM310,"11765"
NMTM310,"17787"
NPRG031,"12406"
NPRG031,"65461"
NPRG045,"11063"
NPRG045,"44350"
NPRG045,"13860"
NPRG045,"12672"
NPRG045,"43541"
NPRG045,"13037"
NPRG045,"13232"
NPRG045,"40505"
NPRG051,"11278"
NPRG051,"88580"
NSWI177,"32039"
NPRG071,"11324"
NPRG072,"11845"
NSWI134,"12117"
NSWI149,"10938"
NSWI178,"30014"
NTIN063,"12705"
NMFM202,"68652"
NTVY017,"11152"
NUMV059,"17787"
NUOS007,"12418"
NOFY066,"11387"
NMTP450,"12178"
NMTP576,"12184"
NOFY079,"11862"
NMMA162,"35909"
NMST532,"17952"
NMMA336,"11269"
NEVF550,"12681"
NOFY130,"11723"
NMIN266,"11318"
NMAG631,"11293"
NFPL310,"13582"
NPFL140,"74634"
NFUF101,"11846"
NFPL309,"18969"
NMAI059,"84593"
NOFY066,"33074"
NMMO536,"11336"
NJAZ068,"12390"
NTIN060,"90906"
NMFM201,"12098"
NMFM201,"88895"
NPRG005,"59496"
NFPL122,"10863"
NMAG336,"86909"
NMAT362,"13578"
NFUF818,"11570"
NTIN111,"60792"
NFPL219,"12284"
NMMA102,"19716"
NMFM104,"12354"
NJAZ090,"64280"
NFPL112,"11524"
NTMF071,"37919"
NAIL029,"12755"
NOFY151,"11494"
NAIL062,"59276"
NMAI055,"11310"
NMAG111,"89529"
NMTD301,"17187"
NTIN102,"60792"
NPRG035,"66262"
NPRG035,"10732"
NBCM098,"12955"
NOFY151,"12450"
NFUF302,"11075"
NMAF063,"12944"
NMTM405,"83601"
NSWI120,"10732"
NCGD008,"11324"
NOFY163,"12944"
NBCM179,"11775"
NPRG045,"98099"
NFUF831,"11075"
NMFP531,"11380"
NAIL130,"27504"
NPFL142,"11573"
NFPL124,"10864"
NFPL124,"11841"
NMAG575,"21159"
NFPL146,"11426"
NBCM094,"11582"
NBCM094,"13761"
NBCM094,"71987"
NFPL146,"12836"
NMAG458,"74265"
NOFY071,"12411"
NOFY080,"24737"
NMAG498,"92793"
NPFL143,"11573"
NMAG337,"80390"
NFPL310,"12706"
NDMI028,"12460"
NTIN060,"82771"
NJAZ072,"11567"
NJAZ172,"48144"
NJAZ091,"78657"
NJAZ091,"68968"
NMMA491,"98130"
NMMA491,"16543"
NMUG361,"17187"
NMTM101,"83502"
NMTM303,"10728"
NPRG062,"65461"
NMAG535,"47267"
NOFY022,"11629"
NMIN105,"12164"
NEVF121,"11793"
NEVF168,"11387"
NEVF501,"13256"
NEVF523,"11621"
NEVF525,"11326"
NEVF525,"11564"
NEVF526,"11621"
NEVF533,"11471"
NEVF538,"12577"
NFOE015,"11856"
NMIN105,"82231"
NMAI066,"11774"
NMEK450,"12098"
NMET056,"11617"
NMAI057,"12193"
NMMA454,"11491"
NFPL031,"12674"
NFPL045,"11536"
NFPL045,"11589"
NFPL049,"18969"
NFPL062,"11635"
NFPL066,"10850"
NFPL083,"23022"
NFPL101,"17396"
NFPL145,"12591"
NFPL130,"12706"
NFPL131,"11447"
NJSF118,"11305"
NJSF130,"42400"
NJSF156,"11825"
NJSF161,"89875"
NJSF162,"11453"
NFPL157,"12415"
NFPL216,"33074"
NFPL251,"10864"
NFPL307,"11729"
NMEK606,"12263"
NMET010,"29846"
NMNV468,"68974"
NFPL801,"11854"
NFPL801,"11347"
NFPL801,"11473"
NFUF301,"11327"
NFUF305,"12310"
NMMA201,"19716"
NFUF701,"11849"
NFUF812,"34165"
NFUF820,"14077"
NGEO034,"11525"
NGEO035,"11861"
NGEO082,"11525"
NGEO084,"43439"
NGEO113,"13396"
NJAZ017,"76387"
NJAZ081,"11412"
NJAZ087,"10853"
NJAZ094,"53792"
NJAZ108,"76387"
NJSF064,"12594"
NJSF079,"11568"
NJSF127,"12251"
NJSF128,"12251"
NJSF143,"12916"
NJSF159,"11453"
NJSF193,"11327"
NJSF196,"12594"
NMAF037,"12363"
NMMO212,"11112"
NMMO461,"11259"
NMMO532,"11336"
NMNM332,"11668"
NFPL028,"67027"
NMAG567,"12129"
NMAG662,"23705"
NMAI074,"11108"
NMIN111,"20679"
NMET073,"13348"
NMET067,"11160"
NMET079,"11482"
NMET505,"11617"
NMET519,"11599"
NMET528,"13397"
NBCM241,"76971"
NMET061,"10832"
NMET076,"10832"
NMET513,"11617"
NMET527,"13397"
NMFM611,"11380"
NMIN201,"11282"
NMIN331,"12460"
NMIN365,"48915"
NJAZ070,"58753"
NJAZ170,"23675"
NMMA431,"12495"
NMMA452,"12308"
NMMA455,"11466"
NMMA455,"12970"
NMMA459,"12970"
NMMA459,"22975"
NMMA579,"12136"
NMMB366,"17391"
NMMB473,"11171"
NMNV361,"13003"
NMNV461,"11638"
NMNV503,"14271"
NMNV623,"12447"
NJAZ074,"78657"
NMSA407,"12436"
NMTM161,"16457"
NMTM401,"11664"
NMUG501,"17187"
NMTD305,"16457"
NTVY019,"11239"
NMFM260,"76131"
NMFM332,"11576"
NMFP406,"12632"
NMFP432,"12382"
NMAF014,"12707"
NOFY023,"13584"
NOFY031,"10733"
NOFY052,"11591"
NFUF814,"13827"
NOFY161,"12720"
NMMA407,"12944"
NOOE010,"11830"
NOOE033,"12413"
NOOE046,"11360"
NOOE046,"11421"
NOOE046,"12789"
NOOE136,"11300"
NOPT042,"16584"
NMAI058,"68975"
NPFL070,"15807"
NPFL103,"11040"
NPFL118,"10875"
NAFY003,"11078"
NAFY017,"12494"
NAFY037,"20098"
NAFY079,"11616"
NAFY084,"12704"
NAFY084,"11078"
NAIL028,"21467"
NAIL069,"59276"
NAIL076,"12948"
NAIL127,"33844"
NPFL125,"27504"
NPGR030,"15147"
NPOZ007,"12454"
NPRF017,"11592"
NOFY161,"10956"
NPRG045,"64406"
NPRG045,"30014"
NPRG045,"11282"
NPRG045,"74478"
NAST031,"11144"
NAST031,"13007"
NAST038,"13007"
NBCM041,"11775"
NBCM055,"12955"
NBCM070,"21455"
NBCM080,"12591"
NPRG062,"64406"
NPRG079,"11845"
NSWI057,"11288"
NSWI164,"12088"
NTIN004,"11845"
NTIN050,"11063"
NTIN103,"12164"
NTIN103,"75254"
NMNM201,"11668"
NMMB432,"60792"
NMMB471,"64736"
NBCM143,"12882"
NBCM175,"11168"
NBCM217,"12167"
NBCM217,"13000"
NBCM235,"17076"
NBCM307,"11168"
NBCM317,"11620"
NTVY016,"73760"
NUIN019,"13270"
NPRG013,"83603"
NCHF073,"89046"
NDBI040,"11272"
NDGF012,"11099"
NDIN007,"11433"
NDMI009,"11406"
NDMI041,"11406"
NDMI111,"10752"
NDMI117,"83208"
NEVF112,"11387"
NAFY105,"11160"
NMMA454,"35909"
NMSA333,"11614"
NOFY056,"36435"
NDMI011,"37173"
NAIL056,"12463"
NMMA345,"16543"
NAST042,"38279"
NBCM042,"11775"
NBCM042,"12411"
NBCM056,"11510"
NBCM080,"11593"
NBCM093,"38575"
NBCM093,"11304"
NFPL067,"11524"
NFPL067,"18969"
NFPL080,"13439"
NFPL092,"11078"
NFPL108,"11303"
NFPL140,"11524"
NBCM097,"11780"
NJAZ098,"68968"
NBCM154,"10731"
NFPL147,"11635"
NMET004,"11160"
NFPL149,"10850"
NMET005,"12811"
NFPL151,"12591"
NFPL151,"12837"
NFPL159,"11723"
NFPL179,"11438"
NFPL180,"11476"
NJAZ071,"58753"
NFPL802,"11743"
NFPL806,"28321"
NFUF205,"11034"
NFUF805,"11570"
NFUF830,"12310"
NGEO090,"11861"
NBCM174,"19204"
NBCM176,"11490"
NBCM176,"11600"
NFPL193,"11976"
NFPL198,"13439"
NFPL206,"12435"
NMMA201,"12972"
NMNM201,"60790"
NDMI041,"37173"
NFPL250,"65864"
NFPL306,"11543"
NFPL308,"13310"
NFPL308,"18085"
NGEO099,"12798"
NJAZ011,"23675"
NJAZ050,"11412"
NDMI078,"12426"
NEVF107,"12437"
NEVF116,"11320"
NBCM183,"12388"
NBCM208,"11276"
NBCM210,"11424"
NBCM223,"12591"
NBCM308,"11168"
NBCM344,"11410"
NBCM346,"63390"
NBCM348,"51225"
NEVF138,"16837"
NEVF145,"13227"
NEVF158,"10850"
NEVF164,"11747"
NOFY024,"12853"
NEVF515,"13116"
NEVF530,"11564"
NEVF531,"16837"
NDMI118,"10752"
NAFY023,"11553"
NAFY038,"11783"
NAFY070,"13116"
NAFY078,"12789"
NAFY085,"11543"
NOOE126,"12789"
NFOE010,"11856"
NFOE020,"11856"
NFPL003,"13761"
NAIL080,"12463"
NAIL080,"13176"
NAIL106,"14650"
NTIN071,"16584"
NAST014,"11982"
NPEP403,"82075"
NSZZ502,"10728"
NOFY162,"12850"
NMMO660,"24235"
NEVF122,"11793"
NPRG045,"92597"
NAFY101,"17393"
NSCI020,"18412"
NMAI058,"82351"
NMAI059,"96761"
NMAG111,"86910"
NBCM177,"11438"
NMAG261,"11465"
NJAZ072,"12390"
NPRG031,"59496"
NMST412,"12436"
NTIN067,"12418"
NMMA204,"19716"
NPRG057,"10732"
NTIN066,"11063"
NOPT016,"44027"
NSZZ502,"11765"
NEVF504,"12681"
NDIN019,"70580"
NPFL124,"43541"
NMMB336,"94368"
NMTD302,"17187"
NMTM202,"12731"
NMAI071,"76957"
NTIN071,"11606"
NPGR033,"88122"
NPRG005,"11845"
NMAG206,"82231"
NJSF073,"12427"
NMAI059,"23828"
NMFM334,"11518"
NBCM103,"11371"
NBCM103,"11775"
NMTM102,"17787"
NSWI170,"10963"
NMEK412,"95692"
NOFY054,"11075"
NOFY130,"11779"
NMFM306,"99163"
NOFY065,"11783"
NAFY010,"11360"
NTMF222,"11289"
NFUF402,"68394"
NTIN071,"12755"
NAIL133,"88570"
NMAI058,"12164"
NSWI200,"94223"
NMMA204,"43666"
NMTM208,"11664"
NMTM306,"17787"
NOFY060,"11408"
NOFY066,"13298"
NMTM402,"11664"
NMTM406,"11765"
NFOE002,"11553"
NMUG402,"11494"
NMUG410,"16457"
NFPL098,"11476"
NMMA221,"89257"
NSZZ501,"20791"
NOFY125,"12837"
NOFY127,"11629"
NOOE001,"15147"
NOOE008,"12095"
NOOE015,"11582"
NOOE016,"11421"
NOOE016,"14070"
NOOE107,"11783"
NOOE219,"12411"
NOPT057,"10752"
NPEP402,"11550"
NPFL128,"11597"
NPGR026,"16878"
NPOZ008,"11327"
NPOZ008,"11339"
NPRF031,"12811"
NJAZ075,"12390"
NSZZ501,"10728"
NPRG045,"11804"
NPRG045,"75877"
NPRG045,"60792"
NPRG045,"11597"
NJAZ100,"68968"
NDMI087,"62293"
NPRG045,"16584"
NPRG069,"11845"
NPRG069,"54720"
NPRG080,"11581"
NSWI026,"51781"
NSWI071,"11615"
NSWI104,"10740"
NSWI131,"12672"
NPRG082,"96460"
NSZZ010,"11445"
NTIN041,"11791"
NTIN042,"12439"
NTIN081,"11063"
NTIN100,"11606"
NTMF081,"11047"
NTMF112,"11862"
NTVY015,"71059"
NTVY017,"16590"
NTVY017,"71059"
NTVY017,"78660"
NDMI051,"12406"
NDMI051,"82769"
NUFY067,"11325"
NFPL192,"11438"
NFPL192,"14073"
NFPL192,"24737"
NDMI012,"94340"
NPRG045,"74634"
NOFY066,"10863"
NMST571,"13321"
NMMA204,"86946"
NOFY152,"76385"
NMFP434,"85804"
NPEP904,"11811"
NOOE003,"11566"
NOFY130,"12478"
NOPT059,"16584"
NMAI054,"99472"
NMFM202,"96623"
NPFL140,"45589"
NPFL140,"19864"
NFUF101,"13310"
NOFY075,"25006"
NDMI022,"11098"
NMFP462,"11380"
NFUF901,"11977"
NJAZ207,"92813"
NMNM338,"95157"
NTMF038,"11483"
NFPL310,"11349"
NFUF818,"12410"
NFUF201,"11780"
NMAG112,"74265"
NBCM088,"11600"
NJSF031,"11727"
NOFY162,"10956"
NOFY142,"11494"
NMMB534,"85949"
NCHF072,"16400"
NAFY032,"17393"
NFPL199,"11543"
NMAI059,"93912"
NAIL106,"13270"
NOFY028,"11212"
NTIN060,"80381"
NMAF035,"11621"
NCHF072,"19302"
NAIL124,"98098"
